SNAPSHOT_DATE|SNAPSHOT_MONTH_KEY|ACCOUNT_ID|CUSTOMER_ID|BRANCH_ID|PRODUCT_ID|OPENING_BALANCE|CLOSING_BALANCE|TOTAL_DEBITS|TOTAL_CREDITS|DEBIT_COUNT|CREDIT_COUNT|FEES_CHARGED|INTEREST_CHARGED|CURRENCY_CODE|ETL_BATCH_ID
2024-01-31|202401|ACCT-NO-100001|1001|101|1|114745.22|108979.71|9183.77|3418.26|5|3|33.47|163.47|NOK|20240000
2024-02-29|202402|ACCT-NO-100001|1001|101|1|114545.9|111428.11|7992.49|4874.7|6|4|36.14|167.14|NOK|20240001
2024-03-31|202403|ACCT-NO-100001|1001|101|1|114346.58|113876.51|6801.21|6331.14|7|5|38.81|170.81|NOK|20240002
2024-04-30|202404|ACCT-NO-100001|1001|101|1|114147.26|116324.91|5609.93|7787.58|8|6|41.49|174.49|NOK|20240003
2024-05-31|202405|ACCT-NO-100001|1001|101|1|113947.94|118773.31|4418.65|9244.02|9|7|24.16|178.16|NOK|20240004
2024-06-30|202406|ACCT-NO-100001|1001|101|1|113748.62|121221.71|3227.37|10700.46|10|3|26.83|181.83|NOK|20240005
2024-07-31|202407|ACCT-NO-100001|1001|101|1|140549.3|133670.11|10036.09|3156.9|11|4|44.51|200.51|NOK|20240006
2024-08-31|202408|ACCT-NO-100001|1001|101|1|140349.98|136118.51|8844.81|4613.34|5|5|47.18|204.18|NOK|20240007
2024-09-30|202409|ACCT-NO-100001|1001|101|1|140150.66|138566.91|7653.53|6069.78|6|6|29.85|207.85|NOK|20240008
2024-10-31|202410|ACCT-NO-100001|1001|101|1|139951.34|141015.31|6462.25|7526.22|7|7|32.52|211.52|NOK|20240009
2024-11-30|202411|ACCT-NO-100001|1001|101|1|139752.02|143463.71|5270.97|8982.66|8|3|35.2|215.2|NOK|20240010
2024-12-31|202412|ACCT-NO-100001|1001|101|1|139552.7|145912.11|4079.69|10439.1|9|4|37.87|218.87|NOK|20240011
2025-01-31|202501|ACCT-NO-100001|1001|101|1|139353.38|148360.51|2888.41|11895.54|10|5|20.54|222.54|NOK|20240012
2025-02-28|202502|ACCT-NO-100001|1001|101|1|166154.06|160808.91|9697.13|4351.98|11|6|38.21|241.21|NOK|20240013
2025-03-31|202503|ACCT-NO-100001|1001|101|1|165954.73|163257.31|8505.84|5808.42|5|7|40.89|244.89|NOK|20240014
2025-04-30|202504|ACCT-NO-100001|1001|101|1|165755.41|165705.71|7314.56|7264.86|6|3|43.56|248.56|NOK|20240015
2025-05-31|202505|ACCT-NO-100001|1001|101|1|165556.08|168154.11|6123.28|8721.31|7|4|26.23|252.23|NOK|20240016
2025-06-30|202506|ACCT-NO-100001|1001|101|1|165356.75|170602.5|4932.0|10177.75|8|5|28.9|255.9|NOK|20240017
2025-07-31|202507|ACCT-NO-100001|1001|101|1|165157.43|173050.9|3740.72|11634.19|9|6|31.58|259.58|NOK|20240018
2025-08-31|202508|ACCT-NO-100001|1001|101|1|191958.11|185499.3|10549.44|4090.63|10|7|49.25|278.25|NOK|20240019
2025-09-30|202509|ACCT-NO-100001|1001|101|1|191758.79|187947.7|9358.16|5547.07|11|3|31.92|281.92|NOK|20240020
2025-10-31|202510|ACCT-NO-100001|1001|101|1|191559.47|190396.1|8166.88|7003.51|5|4|34.59|285.59|NOK|20240021
2025-11-30|202511|ACCT-NO-100001|1001|101|1|191360.15|192844.5|6975.6|8459.95|6|5|37.27|289.27|NOK|20240022
2025-12-31|202512|ACCT-NO-100001|1001|101|1|191160.83|195292.9|5784.32|9916.39|7|6|39.94|292.94|NOK|20240023
2024-01-31|202401|ACCT-NO-100002|1001|101|2|139745.22|133979.71|9183.77|3418.26|5|3|33.47|200.97|NOK|20240000
2024-02-29|202402|ACCT-NO-100002|1001|101|2|140545.9|137428.11|7992.49|4874.7|6|4|36.14|206.14|NOK|20240001
2024-03-31|202403|ACCT-NO-100002|1001|101|2|141346.58|140876.51|6801.21|6331.14|7|5|38.81|211.31|NOK|20240002
2024-04-30|202404|ACCT-NO-100002|1001|101|2|142147.26|144324.91|5609.93|7787.58|8|6|41.49|216.49|NOK|20240003
2024-05-31|202405|ACCT-NO-100002|1001|101|2|142947.94|147773.31|4418.65|9244.02|9|7|24.16|221.66|NOK|20240004
2024-06-30|202406|ACCT-NO-100002|1001|101|2|143748.62|151221.71|3227.37|10700.46|10|3|26.83|226.83|NOK|20240005
2024-07-31|202407|ACCT-NO-100002|1001|101|2|171549.3|164670.11|10036.09|3156.9|11|4|44.51|247.01|NOK|20240006
2024-08-31|202408|ACCT-NO-100002|1001|101|2|172349.98|168118.51|8844.81|4613.34|5|5|47.18|252.18|NOK|20240007
2024-09-30|202409|ACCT-NO-100002|1001|101|2|173150.66|171566.91|7653.53|6069.78|6|6|29.85|257.35|NOK|20240008
2024-10-31|202410|ACCT-NO-100002|1001|101|2|173951.34|175015.31|6462.25|7526.22|7|7|32.52|262.52|NOK|20240009
2024-11-30|202411|ACCT-NO-100002|1001|101|2|174752.02|178463.71|5270.97|8982.66|8|3|35.2|267.7|NOK|20240010
2024-12-31|202412|ACCT-NO-100002|1001|101|2|175552.7|181912.11|4079.69|10439.1|9|4|37.87|272.87|NOK|20240011
2025-01-31|202501|ACCT-NO-100002|1001|101|2|176353.38|185360.51|2888.41|11895.54|10|5|20.54|278.04|NOK|20240012
2025-02-28|202502|ACCT-NO-100002|1001|101|2|204154.06|198808.91|9697.13|4351.98|11|6|38.21|298.21|NOK|20240013
2025-03-31|202503|ACCT-NO-100002|1001|101|2|204954.73|202257.31|8505.84|5808.42|5|7|40.89|303.39|NOK|20240014
2025-04-30|202504|ACCT-NO-100002|1001|101|2|205755.41|205705.71|7314.56|7264.86|6|3|43.56|308.56|NOK|20240015
2025-05-31|202505|ACCT-NO-100002|1001|101|2|206556.08|209154.11|6123.28|8721.31|7|4|26.23|313.73|NOK|20240016
2025-06-30|202506|ACCT-NO-100002|1001|101|2|207356.75|212602.5|4932.0|10177.75|8|5|28.9|318.9|NOK|20240017
2025-07-31|202507|ACCT-NO-100002|1001|101|2|208157.43|216050.9|3740.72|11634.19|9|6|31.58|324.08|NOK|20240018
2025-08-31|202508|ACCT-NO-100002|1001|101|2|235958.11|229499.3|10549.44|4090.63|10|7|49.25|344.25|NOK|20240019
2025-09-30|202509|ACCT-NO-100002|1001|101|2|236758.79|232947.7|9358.16|5547.07|11|3|31.92|349.42|NOK|20240020
2025-10-31|202510|ACCT-NO-100002|1001|101|2|237559.47|236396.1|8166.88|7003.51|5|4|34.59|354.59|NOK|20240021
2025-11-30|202511|ACCT-NO-100002|1001|101|2|238360.15|239844.5|6975.6|8459.95|6|5|37.27|359.77|NOK|20240022
2025-12-31|202512|ACCT-NO-100002|1001|101|2|239160.83|243292.9|5784.32|9916.39|7|6|39.94|364.94|NOK|20240023
2024-01-31|202401|ACCT-NO-100003|1002|102|1|156111.6|155782.07|6625.66|6296.13|5|3|28.67|233.67|NOK|20240000
2024-02-29|202402|ACCT-NO-100003|1002|102|1|157912.28|160230.47|5434.38|7752.57|6|4|31.35|240.35|NOK|20240001
2024-03-31|202403|ACCT-NO-100003|1002|102|1|159712.96|164678.87|4243.1|9209.01|7|5|34.02|247.02|NOK|20240002
2024-04-30|202404|ACCT-NO-100003|1002|102|1|161513.64|169127.27|3051.82|10665.45|8|6|36.69|253.69|NOK|20240003
2024-05-31|202405|ACCT-NO-100003|1002|102|1|190314.31|183575.67|9860.54|3121.9|9|7|34.36|275.36|NOK|20240004
2024-06-30|202406|ACCT-NO-100003|1002|102|1|192114.99|188024.07|8669.26|4578.34|10|3|37.04|282.04|NOK|20240005
2024-07-31|202407|ACCT-NO-100003|1002|102|1|193915.67|192472.47|7477.98|6034.78|11|4|39.71|288.71|NOK|20240006
2024-08-31|202408|ACCT-NO-100003|1002|102|1|195716.35|196920.87|6286.7|7491.22|5|5|42.38|295.38|NOK|20240007
2024-09-30|202409|ACCT-NO-100003|1002|102|1|197517.03|201369.27|5095.42|8947.66|6|6|25.05|302.05|NOK|20240008
2024-10-31|202410|ACCT-NO-100003|1002|102|1|199317.71|205817.67|3904.14|10404.1|7|7|27.73|308.73|NOK|20240009
2024-11-30|202411|ACCT-NO-100003|1002|102|1|201118.39|210266.07|2712.86|11860.54|8|3|30.4|315.4|NOK|20240010
2024-12-31|202412|ACCT-NO-100003|1002|102|1|229919.07|224714.47|9521.58|4316.98|9|4|48.07|337.07|NOK|20240011
2025-01-31|202501|ACCT-NO-100003|1002|102|1|231719.75|229162.87|8330.3|5773.42|10|5|30.74|343.74|NOK|20240012
2025-02-28|202502|ACCT-NO-100003|1002|102|1|233520.43|233611.27|7139.02|7229.86|11|6|33.42|350.42|NOK|20240013
2025-03-31|202503|ACCT-NO-100003|1002|102|1|235321.11|238059.67|5947.74|8686.3|5|7|36.09|357.09|NOK|20240014
2025-04-30|202504|ACCT-NO-100003|1002|102|1|237121.78|242508.07|4756.45|10142.74|6|3|38.76|363.76|NOK|20240015
2025-05-31|202505|ACCT-NO-100003|1002|102|1|238922.46|246956.47|3565.17|11599.18|7|4|21.43|370.43|NOK|20240016
2025-06-30|202506|ACCT-NO-100003|1002|102|1|267723.14|261404.87|10373.89|4055.62|8|5|39.11|392.11|NOK|20240017
2025-07-31|202507|ACCT-NO-100003|1002|102|1|269523.82|265853.27|9182.61|5512.06|9|6|41.78|398.78|NOK|20240018
2025-08-31|202508|ACCT-NO-100003|1002|102|1|271324.5|270301.67|7991.33|6968.5|10|7|44.45|405.45|NOK|20240019
2025-09-30|202509|ACCT-NO-100003|1002|102|1|273125.18|274750.07|6800.05|8424.94|11|3|27.13|412.13|NOK|20240020
2025-10-31|202510|ACCT-NO-100003|1002|102|1|274925.86|279198.47|5608.77|9881.38|5|4|29.8|418.8|NOK|20240021
2025-11-30|202511|ACCT-NO-100003|1002|102|1|276726.54|283646.87|4417.49|11337.82|6|5|32.47|425.47|NOK|20240022
2025-12-31|202512|ACCT-NO-100003|1002|102|1|278527.22|288095.27|3226.21|12794.26|7|6|35.14|432.14|NOK|20240023
2024-01-31|202401|ACCT-NO-100004|1002|102|5|181111.6|180782.07|6625.66|6296.13|5|3|28.67|271.17|NOK|20240000
2024-02-29|202402|ACCT-NO-100004|1002|102|5|183912.28|186230.47|5434.38|7752.57|6|4|31.35|279.35|NOK|20240001
2024-03-31|202403|ACCT-NO-100004|1002|102|5|186712.96|191678.87|4243.1|9209.01|7|5|34.02|287.52|NOK|20240002
2024-04-30|202404|ACCT-NO-100004|1002|102|5|189513.64|197127.27|3051.82|10665.45|8|6|36.69|295.69|NOK|20240003
2024-05-31|202405|ACCT-NO-100004|1002|102|5|219314.31|212575.67|9860.54|3121.9|9|7|34.36|318.86|NOK|20240004
2024-06-30|202406|ACCT-NO-100004|1002|102|5|222114.99|218024.07|8669.26|4578.34|10|3|37.04|327.04|NOK|20240005
2024-07-31|202407|ACCT-NO-100004|1002|102|5|224915.67|223472.47|7477.98|6034.78|11|4|39.71|335.21|NOK|20240006
2024-08-31|202408|ACCT-NO-100004|1002|102|5|227716.35|228920.87|6286.7|7491.22|5|5|42.38|343.38|NOK|20240007
2024-09-30|202409|ACCT-NO-100004|1002|102|5|230517.03|234369.27|5095.42|8947.66|6|6|25.05|351.55|NOK|20240008
2024-10-31|202410|ACCT-NO-100004|1002|102|5|233317.71|239817.67|3904.14|10404.1|7|7|27.73|359.73|NOK|20240009
2024-11-30|202411|ACCT-NO-100004|1002|102|5|236118.39|245266.07|2712.86|11860.54|8|3|30.4|367.9|NOK|20240010
2024-12-31|202412|ACCT-NO-100004|1002|102|5|265919.07|260714.47|9521.58|4316.98|9|4|48.07|391.07|NOK|20240011
2025-01-31|202501|ACCT-NO-100004|1002|102|5|268719.75|266162.87|8330.3|5773.42|10|5|30.74|399.24|NOK|20240012
2025-02-28|202502|ACCT-NO-100004|1002|102|5|271520.43|271611.27|7139.02|7229.86|11|6|33.42|407.42|NOK|20240013
2025-03-31|202503|ACCT-NO-100004|1002|102|5|274321.11|277059.67|5947.74|8686.3|5|7|36.09|415.59|NOK|20240014
2025-04-30|202504|ACCT-NO-100004|1002|102|5|277121.78|282508.07|4756.45|10142.74|6|3|38.76|423.76|NOK|20240015
2025-05-31|202505|ACCT-NO-100004|1002|102|5|279922.46|287956.47|3565.17|11599.18|7|4|21.43|431.93|NOK|20240016
2025-06-30|202506|ACCT-NO-100004|1002|102|5|309723.14|303404.87|10373.89|4055.62|8|5|39.11|455.11|NOK|20240017
2025-07-31|202507|ACCT-NO-100004|1002|102|5|312523.82|308853.27|9182.61|5512.06|9|6|41.78|463.28|NOK|20240018
2025-08-31|202508|ACCT-NO-100004|1002|102|5|315324.5|314301.67|7991.33|6968.5|10|7|44.45|471.45|NOK|20240019
2025-09-30|202509|ACCT-NO-100004|1002|102|5|318125.18|319750.07|6800.05|8424.94|11|3|27.13|479.63|NOK|20240020
2025-10-31|202510|ACCT-NO-100004|1002|102|5|320925.86|325198.47|5608.77|9881.38|5|4|29.8|487.8|NOK|20240021
2025-11-30|202511|ACCT-NO-100004|1002|102|5|323726.54|330646.87|4417.49|11337.82|6|5|32.47|495.97|NOK|20240022
2025-12-31|202512|ACCT-NO-100004|1002|102|5|326527.22|336095.27|3226.21|12794.26|7|6|35.14|504.14|NOK|20240023
2024-01-31|202401|ACCT-NO-100005|1003|201|1|215383.19|209215.99|9372.8|3205.6|5|3|33.82|313.82|NOK|20240000
2024-02-29|202402|ACCT-NO-100005|1003|201|1|219183.86|215664.39|8181.52|4662.05|6|4|36.5|323.5|NOK|20240001
2024-03-31|202403|ACCT-NO-100005|1003|201|1|222984.54|222112.79|6990.24|6118.49|7|5|39.17|333.17|NOK|20240002
2024-04-30|202404|ACCT-NO-100005|1003|201|1|226785.22|228561.19|5798.96|7574.93|8|6|41.84|342.84|NOK|20240003
2024-05-31|202405|ACCT-NO-100005|1003|201|1|230585.89|235009.59|4607.67|9031.37|9|7|24.51|352.51|NOK|20240004
2024-06-30|202406|ACCT-NO-100005|1003|201|1|234386.57|241457.99|3416.39|10487.81|10|3|27.19|362.19|NOK|20240005
2024-07-31|202407|ACCT-NO-100005|1003|201|1|265187.25|257906.39|10225.11|2944.25|11|4|44.86|386.86|NOK|20240006
2024-08-31|202408|ACCT-NO-100005|1003|201|1|268987.93|264354.79|9033.83|4400.69|5|5|47.53|396.53|NOK|20240007
2024-09-30|202409|ACCT-NO-100005|1003|201|1|272788.61|270803.19|7842.55|5857.13|6|6|30.2|406.2|NOK|20240008
2024-10-31|202410|ACCT-NO-100005|1003|201|1|276589.29|277251.59|6651.27|7313.57|7|7|32.88|415.88|NOK|20240009
2024-11-30|202411|ACCT-NO-100005|1003|201|1|280389.97|283699.99|5459.99|8770.01|8|3|35.55|425.55|NOK|20240010
2024-12-31|202412|ACCT-NO-100005|1003|201|1|284190.65|290148.39|4268.71|10226.45|9|4|38.22|435.22|NOK|20240011
2025-01-31|202501|ACCT-NO-100005|1003|201|1|287991.33|296596.79|3077.43|11682.89|10|5|20.9|444.9|NOK|20240012
2025-02-28|202502|ACCT-NO-100005|1003|201|1|318792.01|313045.19|9886.15|4139.33|11|6|38.57|469.57|NOK|20240013
2025-03-31|202503|ACCT-NO-100005|1003|201|1|322592.69|319493.59|8694.87|5595.77|5|7|41.24|479.24|NOK|20240014
2025-04-30|202504|ACCT-NO-100005|1003|201|1|326393.37|325941.99|7503.59|7052.21|6|3|43.91|488.91|NOK|20240015
2025-05-31|202505|ACCT-NO-100005|1003|201|1|330194.05|332390.39|6312.31|8508.65|7|4|26.59|498.59|NOK|20240016
2025-06-30|202506|ACCT-NO-100005|1003|201|1|333994.73|338838.79|5121.03|9965.09|8|5|29.26|508.26|NOK|20240017
2025-07-31|202507|ACCT-NO-100005|1003|201|1|337795.41|345287.19|3929.75|11421.53|9|6|31.93|517.93|NOK|20240018
2025-08-31|202508|ACCT-NO-100005|1003|201|1|368596.09|361735.59|10738.47|3877.97|10|7|49.6|542.6|NOK|20240019
2025-09-30|202509|ACCT-NO-100005|1003|201|1|372396.77|368183.99|9547.19|5334.41|11|3|32.28|552.28|NOK|20240020
2025-10-31|202510|ACCT-NO-100005|1003|201|1|376197.45|374632.39|8355.91|6790.85|5|4|34.95|561.95|NOK|20240021
2025-11-30|202511|ACCT-NO-100005|1003|201|1|379998.13|381080.79|7164.63|8247.29|6|5|37.62|571.62|NOK|20240022
2025-12-31|202512|ACCT-NO-100005|1003|201|1|383798.81|387529.19|5973.35|9703.73|7|6|40.29|581.29|NOK|20240023
2024-01-31|202401|ACCT-NO-100006|1003|201|3|240383.19|234215.99|9372.8|3205.6|5|3|33.82|351.32|NOK|20240000
2024-02-29|202402|ACCT-NO-100006|1003|201|3|245183.86|241664.39|8181.52|4662.05|6|4|36.5|362.5|NOK|20240001
2024-03-31|202403|ACCT-NO-100006|1003|201|3|249984.54|249112.79|6990.24|6118.49|7|5|39.17|373.67|NOK|20240002
2024-04-30|202404|ACCT-NO-100006|1003|201|3|254785.22|256561.19|5798.96|7574.93|8|6|41.84|384.84|NOK|20240003
2024-05-31|202405|ACCT-NO-100006|1003|201|3|259585.89|264009.59|4607.67|9031.37|9|7|24.51|396.01|NOK|20240004
2024-06-30|202406|ACCT-NO-100006|1003|201|3|264386.57|271457.99|3416.39|10487.81|10|3|27.19|407.19|NOK|20240005
2024-07-31|202407|ACCT-NO-100006|1003|201|3|296187.25|288906.39|10225.11|2944.25|11|4|44.86|433.36|NOK|20240006
2024-08-31|202408|ACCT-NO-100006|1003|201|3|300987.93|296354.79|9033.83|4400.69|5|5|47.53|444.53|NOK|20240007
2024-09-30|202409|ACCT-NO-100006|1003|201|3|305788.61|303803.19|7842.55|5857.13|6|6|30.2|455.7|NOK|20240008
2024-10-31|202410|ACCT-NO-100006|1003|201|3|310589.29|311251.59|6651.27|7313.57|7|7|32.88|466.88|NOK|20240009
2024-11-30|202411|ACCT-NO-100006|1003|201|3|315389.97|318699.99|5459.99|8770.01|8|3|35.55|478.05|NOK|20240010
2024-12-31|202412|ACCT-NO-100006|1003|201|3|320190.65|326148.39|4268.71|10226.45|9|4|38.22|489.22|NOK|20240011
2025-01-31|202501|ACCT-NO-100006|1003|201|3|324991.33|333596.79|3077.43|11682.89|10|5|20.9|500.4|NOK|20240012
2025-02-28|202502|ACCT-NO-100006|1003|201|3|356792.01|351045.19|9886.15|4139.33|11|6|38.57|526.57|NOK|20240013
2025-03-31|202503|ACCT-NO-100006|1003|201|3|361592.69|358493.59|8694.87|5595.77|5|7|41.24|537.74|NOK|20240014
2025-04-30|202504|ACCT-NO-100006|1003|201|3|366393.37|365941.99|7503.59|7052.21|6|3|43.91|548.91|NOK|20240015
2025-05-31|202505|ACCT-NO-100006|1003|201|3|371194.05|373390.39|6312.31|8508.65|7|4|26.59|560.09|NOK|20240016
2025-06-30|202506|ACCT-NO-100006|1003|201|3|375994.73|380838.79|5121.03|9965.09|8|5|29.26|571.26|NOK|20240017
2025-07-31|202507|ACCT-NO-100006|1003|201|3|380795.41|388287.19|3929.75|11421.53|9|6|31.93|582.43|NOK|20240018
2025-08-31|202508|ACCT-NO-100006|1003|201|3|412596.09|405735.59|10738.47|3877.97|10|7|49.6|608.6|NOK|20240019
2025-09-30|202509|ACCT-NO-100006|1003|201|3|417396.77|413183.99|9547.19|5334.41|11|3|32.28|619.78|NOK|20240020
2025-10-31|202510|ACCT-NO-100006|1003|201|3|422197.45|420632.39|8355.91|6790.85|5|4|34.95|630.95|NOK|20240021
2025-11-30|202511|ACCT-NO-100006|1003|201|3|426998.13|428080.79|7164.63|8247.29|6|5|37.62|642.12|NOK|20240022
2025-12-31|202512|ACCT-NO-100006|1003|201|3|431798.81|435529.19|5973.35|9703.73|7|6|40.29|653.29|NOK|20240023
2024-01-31|202401|ACCT-NO-100007|1003|201|6|265383.19|259215.99|9372.8|3205.6|5|3|33.82|388.82|NOK|20240000
2024-02-29|202402|ACCT-NO-100007|1003|201|6|271183.86|267664.39|8181.52|4662.05|6|4|36.5|401.5|NOK|20240001
2024-03-31|202403|ACCT-NO-100007|1003|201|6|276984.54|276112.79|6990.24|6118.49|7|5|39.17|414.17|NOK|20240002
2024-04-30|202404|ACCT-NO-100007|1003|201|6|282785.22|284561.19|5798.96|7574.93|8|6|41.84|426.84|NOK|20240003
2024-05-31|202405|ACCT-NO-100007|1003|201|6|288585.89|293009.59|4607.67|9031.37|9|7|24.51|439.51|NOK|20240004
2024-06-30|202406|ACCT-NO-100007|1003|201|6|294386.57|301457.99|3416.39|10487.81|10|3|27.19|452.19|NOK|20240005
2024-07-31|202407|ACCT-NO-100007|1003|201|6|327187.25|319906.39|10225.11|2944.25|11|4|44.86|479.86|NOK|20240006
2024-08-31|202408|ACCT-NO-100007|1003|201|6|332987.93|328354.79|9033.83|4400.69|5|5|47.53|492.53|NOK|20240007
2024-09-30|202409|ACCT-NO-100007|1003|201|6|338788.61|336803.19|7842.55|5857.13|6|6|30.2|505.2|NOK|20240008
2024-10-31|202410|ACCT-NO-100007|1003|201|6|344589.29|345251.59|6651.27|7313.57|7|7|32.88|517.88|NOK|20240009
2024-11-30|202411|ACCT-NO-100007|1003|201|6|350389.97|353699.99|5459.99|8770.01|8|3|35.55|530.55|NOK|20240010
2024-12-31|202412|ACCT-NO-100007|1003|201|6|356190.65|362148.39|4268.71|10226.45|9|4|38.22|543.22|NOK|20240011
2025-01-31|202501|ACCT-NO-100007|1003|201|6|361991.33|370596.79|3077.43|11682.89|10|5|20.9|555.9|NOK|20240012
2025-02-28|202502|ACCT-NO-100007|1003|201|6|394792.01|389045.19|9886.15|4139.33|11|6|38.57|583.57|NOK|20240013
2025-03-31|202503|ACCT-NO-100007|1003|201|6|400592.69|397493.59|8694.87|5595.77|5|7|41.24|596.24|NOK|20240014
2025-04-30|202504|ACCT-NO-100007|1003|201|6|406393.37|405941.99|7503.59|7052.21|6|3|43.91|608.91|NOK|20240015
2025-05-31|202505|ACCT-NO-100007|1003|201|6|412194.05|414390.39|6312.31|8508.65|7|4|26.59|621.59|NOK|20240016
2025-06-30|202506|ACCT-NO-100007|1003|201|6|417994.73|422838.79|5121.03|9965.09|8|5|29.26|634.26|NOK|20240017
2025-07-31|202507|ACCT-NO-100007|1003|201|6|423795.41|431287.19|3929.75|11421.53|9|6|31.93|646.93|NOK|20240018
2025-08-31|202508|ACCT-NO-100007|1003|201|6|456596.09|449735.59|10738.47|3877.97|10|7|49.6|674.6|NOK|20240019
2025-09-30|202509|ACCT-NO-100007|1003|201|6|462396.77|458183.99|9547.19|5334.41|11|3|32.28|687.28|NOK|20240020
2025-10-31|202510|ACCT-NO-100007|1003|201|6|468197.45|466632.39|8355.91|6790.85|5|4|34.95|699.95|NOK|20240021
2025-11-30|202511|ACCT-NO-100007|1003|201|6|473998.13|475080.79|7164.63|8247.29|6|5|37.62|712.62|NOK|20240022
2025-12-31|202512|ACCT-NO-100007|1003|201|6|479798.81|483529.19|5973.35|9703.73|7|6|40.29|725.29|NOK|20240023
2024-01-31|202401|ACCT-NO-100008|1004|301|1|66021.15|59452.28|9561.82|2992.95|5|3|34.18|89.18|NOK|20240000
2024-02-29|202402|ACCT-NO-100008|1004|301|1|63821.83|59900.68|8370.54|4449.39|6|4|36.85|89.85|NOK|20240001
2024-03-31|202403|ACCT-NO-100008|1004|301|1|61622.51|60349.08|7179.26|5905.83|7|5|39.52|90.52|NOK|20240002
2024-04-30|202404|ACCT-NO-100008|1004|301|1|59423.19|60797.48|5987.98|7362.27|8|6|42.2|91.2|NOK|20240003
2024-05-31|202405|ACCT-NO-100008|1004|301|1|57223.87|61245.88|4796.7|8818.71|9|7|24.87|91.87|NOK|20240004
2024-06-30|202406|ACCT-NO-100008|1004|301|1|55024.55|61694.28|3605.42|10275.15|10|3|27.54|92.54|NOK|20240005
2024-07-31|202407|ACCT-NO-100008|1004|301|1|52825.23|62142.68|2414.14|11731.59|11|4|30.21|93.21|NOK|20240006
2024-08-31|202408|ACCT-NO-100008|1004|301|1|77625.91|72591.08|9222.86|4188.03|5|5|47.89|108.89|NOK|20240007
2024-09-30|202409|ACCT-NO-100008|1004|301|1|75426.59|73039.48|8031.58|5644.47|6|6|30.56|109.56|NOK|20240008
2024-10-31|202410|ACCT-NO-100008|1004|301|1|73227.27|73487.88|6840.3|7100.91|7|7|33.23|110.23|NOK|20240009
2024-11-30|202411|ACCT-NO-100008|1004|301|1|71027.95|73936.28|5649.02|8557.35|8|3|35.9|110.9|NOK|20240010
2024-12-31|202412|ACCT-NO-100008|1004|301|1|68828.63|74384.68|4457.74|10013.79|9|4|38.58|111.58|NOK|20240011
2025-01-31|202501|ACCT-NO-100008|1004|301|1|66629.3|74833.07|3266.46|11470.23|10|5|21.25|112.25|NOK|20240012
2025-02-28|202502|ACCT-NO-100008|1004|301|1|91429.98|85281.47|10075.18|3926.67|11|6|38.92|127.92|NOK|20240013
2025-03-31|202503|ACCT-NO-100008|1004|301|1|89230.66|85729.87|8883.9|5383.11|5|7|41.59|128.59|NOK|20240014
2025-04-30|202504|ACCT-NO-100008|1004|301|1|87031.34|86178.27|7692.62|6839.55|6|3|44.27|129.27|NOK|20240015
2025-05-31|202505|ACCT-NO-100008|1004|301|1|84832.02|86626.67|6501.34|8295.99|7|4|26.94|129.94|NOK|20240016
2025-06-30|202506|ACCT-NO-100008|1004|301|1|82632.7|87075.07|5310.06|9752.43|8|5|29.61|130.61|NOK|20240017
2025-07-31|202507|ACCT-NO-100008|1004|301|1|80433.38|87523.47|4118.78|11208.87|9|6|32.29|131.29|NOK|20240018
2025-08-31|202508|ACCT-NO-100008|1004|301|1|105234.06|97971.87|10927.5|3665.31|10|7|49.96|146.96|NOK|20240019
2025-09-30|202509|ACCT-NO-100008|1004|301|1|103034.73|98420.27|9736.22|5121.76|11|3|32.63|147.63|NOK|20240020
2025-10-31|202510|ACCT-NO-100008|1004|301|1|100835.41|98868.67|8544.94|6578.2|5|4|35.3|148.3|NOK|20240021
2025-11-30|202511|ACCT-NO-100008|1004|301|1|98636.09|99317.07|7353.66|8034.64|6|5|37.98|148.98|NOK|20240022
2025-12-31|202512|ACCT-NO-100008|1004|301|1|96436.77|99765.47|6162.38|9491.08|7|6|40.65|149.65|NOK|20240023
2024-01-31|202401|ACCT-NO-100009|1005|401|1|91659.12|84688.56|9750.85|2780.29|5|3|34.53|127.03|NOK|20240000
2024-02-29|202402|ACCT-NO-100009|1005|401|1|90459.8|86136.96|8559.57|4236.73|6|4|37.21|129.21|NOK|20240001
2024-03-31|202403|ACCT-NO-100009|1005|401|1|89260.48|87585.36|7368.29|5693.17|7|5|39.88|131.38|NOK|20240002
2024-04-30|202404|ACCT-NO-100009|1005|401|1|88061.16|89033.76|6177.01|7149.61|8|6|42.55|133.55|NOK|20240003
2024-05-31|202405|ACCT-NO-100009|1005|401|1|86861.84|90482.16|4985.73|8606.05|9|7|25.22|135.72|NOK|20240004
2024-06-30|202406|ACCT-NO-100009|1005|401|1|85662.52|91930.56|3794.45|10062.49|10|3|27.9|137.9|NOK|20240005
2024-07-31|202407|ACCT-NO-100009|1005|401|1|84463.19|93378.96|2603.17|11518.94|11|4|30.57|140.07|NOK|20240006
2024-08-31|202408|ACCT-NO-100009|1005|401|1|110263.87|104827.36|9411.89|3975.38|5|5|48.24|157.24|NOK|20240007
2024-09-30|202409|ACCT-NO-100009|1005|401|1|109064.55|106275.76|8220.61|5431.82|6|6|30.91|159.41|NOK|20240008
2024-10-31|202410|ACCT-NO-100009|1005|401|1|107865.23|107724.16|7029.33|6888.26|7|7|33.59|161.59|NOK|20240009
2024-11-30|202411|ACCT-NO-100009|1005|401|1|106665.91|109172.56|5838.05|8344.7|8|3|36.26|163.76|NOK|20240010
2024-12-31|202412|ACCT-NO-100009|1005|401|1|105466.59|110620.96|4646.77|9801.14|9|4|38.93|165.93|NOK|20240011
2025-01-31|202501|ACCT-NO-100009|1005|401|1|104267.27|112069.36|3455.49|11257.58|10|5|21.6|168.1|NOK|20240012
2025-02-28|202502|ACCT-NO-100009|1005|401|1|130067.95|123517.76|10264.21|3714.02|11|6|39.28|185.28|NOK|20240013
2025-03-31|202503|ACCT-NO-100009|1005|401|1|128868.63|124966.16|9072.93|5170.46|5|7|41.95|187.45|NOK|20240014
2025-04-30|202504|ACCT-NO-100009|1005|401|1|127669.31|126414.56|7881.65|6626.9|6|3|44.62|189.62|NOK|20240015
2025-05-31|202505|ACCT-NO-100009|1005|401|1|126469.99|127862.96|6690.37|8083.34|7|4|27.29|191.79|NOK|20240016
2025-06-30|202506|ACCT-NO-100009|1005|401|1|125270.67|129311.36|5499.09|9539.78|8|5|29.97|193.97|NOK|20240017
2025-07-31|202507|ACCT-NO-100009|1005|401|1|124071.35|130759.76|4307.81|10996.22|9|6|32.64|196.14|NOK|20240018
2025-08-31|202508|ACCT-NO-100009|1005|401|1|122872.03|132208.16|3116.53|12452.66|10|7|35.31|198.31|NOK|20240019
2025-09-30|202509|ACCT-NO-100009|1005|401|1|148672.71|143656.56|9925.25|4909.1|11|3|32.98|215.48|NOK|20240020
2025-10-31|202510|ACCT-NO-100009|1005|401|1|147473.38|145104.96|8733.96|6365.54|5|4|35.66|217.66|NOK|20240021
2025-11-30|202511|ACCT-NO-100009|1005|401|1|146274.06|146553.36|7542.68|7821.98|6|5|38.33|219.83|NOK|20240022
2025-12-31|202512|ACCT-NO-100009|1005|401|1|145074.74|148001.76|6351.4|9278.42|7|6|41.0|222.0|NOK|20240023
2024-01-31|202401|ACCT-NO-100010|1005|401|2|116659.12|109688.56|9750.85|2780.29|5|3|34.53|164.53|NOK|20240000
2024-02-29|202402|ACCT-NO-100010|1005|401|2|116459.8|112136.96|8559.57|4236.73|6|4|37.21|168.21|NOK|20240001
2024-03-31|202403|ACCT-NO-100010|1005|401|2|116260.48|114585.36|7368.29|5693.17|7|5|39.88|171.88|NOK|20240002
2024-04-30|202404|ACCT-NO-100010|1005|401|2|116061.16|117033.76|6177.01|7149.61|8|6|42.55|175.55|NOK|20240003
2024-05-31|202405|ACCT-NO-100010|1005|401|2|115861.84|119482.16|4985.73|8606.05|9|7|25.22|179.22|NOK|20240004
2024-06-30|202406|ACCT-NO-100010|1005|401|2|115662.52|121930.56|3794.45|10062.49|10|3|27.9|182.9|NOK|20240005
2024-07-31|202407|ACCT-NO-100010|1005|401|2|115463.19|124378.96|2603.17|11518.94|11|4|30.57|186.57|NOK|20240006
2024-08-31|202408|ACCT-NO-100010|1005|401|2|142263.87|136827.36|9411.89|3975.38|5|5|48.24|205.24|NOK|20240007
2024-09-30|202409|ACCT-NO-100010|1005|401|2|142064.55|139275.76|8220.61|5431.82|6|6|30.91|208.91|NOK|20240008
2024-10-31|202410|ACCT-NO-100010|1005|401|2|141865.23|141724.16|7029.33|6888.26|7|7|33.59|212.59|NOK|20240009
2024-11-30|202411|ACCT-NO-100010|1005|401|2|141665.91|144172.56|5838.05|8344.7|8|3|36.26|216.26|NOK|20240010
2024-12-31|202412|ACCT-NO-100010|1005|401|2|141466.59|146620.96|4646.77|9801.14|9|4|38.93|219.93|NOK|20240011
2025-01-31|202501|ACCT-NO-100010|1005|401|2|141267.27|149069.36|3455.49|11257.58|10|5|21.6|223.6|NOK|20240012
2025-02-28|202502|ACCT-NO-100010|1005|401|2|168067.95|161517.76|10264.21|3714.02|11|6|39.28|242.28|NOK|20240013
2025-03-31|202503|ACCT-NO-100010|1005|401|2|167868.63|163966.16|9072.93|5170.46|5|7|41.95|245.95|NOK|20240014
2025-04-30|202504|ACCT-NO-100010|1005|401|2|167669.31|166414.56|7881.65|6626.9|6|3|44.62|249.62|NOK|20240015
2025-05-31|202505|ACCT-NO-100010|1005|401|2|167469.99|168862.96|6690.37|8083.34|7|4|27.29|253.29|NOK|20240016
2025-06-30|202506|ACCT-NO-100010|1005|401|2|167270.67|171311.36|5499.09|9539.78|8|5|29.97|256.97|NOK|20240017
2025-07-31|202507|ACCT-NO-100010|1005|401|2|167071.35|173759.76|4307.81|10996.22|9|6|32.64|260.64|NOK|20240018
2025-08-31|202508|ACCT-NO-100010|1005|401|2|166872.03|176208.16|3116.53|12452.66|10|7|35.31|264.31|NOK|20240019
2025-09-30|202509|ACCT-NO-100010|1005|401|2|193672.71|188656.56|9925.25|4909.1|11|3|32.98|282.98|NOK|20240020
2025-10-31|202510|ACCT-NO-100010|1005|401|2|193473.38|191104.96|8733.96|6365.54|5|4|35.66|286.66|NOK|20240021
2025-11-30|202511|ACCT-NO-100010|1005|401|2|193274.06|193553.36|7542.68|7821.98|6|5|38.33|290.33|NOK|20240022
2025-12-31|202512|ACCT-NO-100010|1005|401|2|193074.74|196001.76|6351.4|9278.42|7|6|41.0|294.0|NOK|20240023
2024-01-31|202401|ACCT-NO-100011|1006|202|1|131749.57|131018.36|6814.69|6083.48|5|3|29.03|196.53|NOK|20240000
2024-02-29|202402|ACCT-NO-100011|1006|202|1|132550.25|134466.76|5623.41|7539.92|6|4|31.7|201.7|NOK|20240001
2024-03-31|202403|ACCT-NO-100011|1006|202|1|133350.93|137915.16|4432.13|8996.36|7|5|34.37|206.87|NOK|20240002
2024-04-30|202404|ACCT-NO-100011|1006|202|1|134151.61|141363.56|3240.85|10452.8|8|6|37.05|212.05|NOK|20240003
2024-05-31|202405|ACCT-NO-100011|1006|202|1|161952.29|154811.96|10049.57|2909.24|9|7|34.72|232.22|NOK|20240004
2024-06-30|202406|ACCT-NO-100011|1006|202|1|162752.96|158260.36|8858.28|4365.68|10|3|37.39|237.39|NOK|20240005
2024-07-31|202407|ACCT-NO-100011|1006|202|1|163553.64|161708.76|7667.0|5822.12|11|4|40.06|242.56|NOK|20240006
2024-08-31|202408|ACCT-NO-100011|1006|202|1|164354.32|165157.16|6475.72|7278.56|5|5|42.74|247.74|NOK|20240007
2024-09-30|202409|ACCT-NO-100011|1006|202|1|165154.99|168605.55|5284.44|8735.0|6|6|25.41|252.91|NOK|20240008
2024-10-31|202410|ACCT-NO-100011|1006|202|1|165955.67|172053.95|4093.16|10191.44|7|7|28.08|258.08|NOK|20240009
2024-11-30|202411|ACCT-NO-100011|1006|202|1|166756.35|175502.35|2901.88|11647.88|8|3|30.75|263.25|NOK|20240010
2024-12-31|202412|ACCT-NO-100011|1006|202|1|194557.03|188950.75|9710.6|4104.32|9|4|48.43|283.43|NOK|20240011
2025-01-31|202501|ACCT-NO-100011|1006|202|1|195357.71|192399.15|8519.32|5560.76|10|5|31.1|288.6|NOK|20240012
2025-02-28|202502|ACCT-NO-100011|1006|202|1|196158.39|195847.55|7328.04|7017.2|11|6|33.77|293.77|NOK|20240013
2025-03-31|202503|ACCT-NO-100011|1006|202|1|196959.07|199295.95|6136.76|8473.64|5|7|36.44|298.94|NOK|20240014
2025-04-30|202504|ACCT-NO-100011|1006|202|1|197759.75|202744.35|4945.48|9930.08|6|3|39.12|304.12|NOK|20240015
2025-05-31|202505|ACCT-NO-100011|1006|202|1|198560.43|206192.75|3754.2|11386.52|7|4|21.79|309.29|NOK|20240016
2025-06-30|202506|ACCT-NO-100011|1006|202|1|226361.11|219641.15|10562.92|3842.96|8|5|39.46|329.46|NOK|20240017
2025-07-31|202507|ACCT-NO-100011|1006|202|1|227161.79|223089.55|9371.64|5299.4|9|6|42.13|334.63|NOK|20240018
2025-08-31|202508|ACCT-NO-100011|1006|202|1|227962.47|226537.95|8180.36|6755.84|10|7|44.81|339.81|NOK|20240019
2025-09-30|202509|ACCT-NO-100011|1006|202|1|228763.15|229986.35|6989.08|8212.28|11|3|27.48|344.98|NOK|20240020
2025-10-31|202510|ACCT-NO-100011|1006|202|1|229563.83|233434.75|5797.8|9668.72|5|4|30.15|350.15|NOK|20240021
2025-11-30|202511|ACCT-NO-100011|1006|202|1|230364.51|236883.15|4606.52|11125.16|6|5|32.82|355.32|NOK|20240022
2025-12-31|202512|ACCT-NO-100011|1006|202|1|231165.18|240331.55|3415.24|12581.61|7|6|35.5|360.5|NOK|20240023
2024-01-31|202401|ACCT-NO-100012|1006|202|4|156749.57|156018.36|6814.69|6083.48|5|3|29.03|234.03|EUR|20240000
2024-02-29|202402|ACCT-NO-100012|1006|202|4|158550.25|160466.76|5623.41|7539.92|6|4|31.7|240.7|EUR|20240001
2024-03-31|202403|ACCT-NO-100012|1006|202|4|160350.93|164915.16|4432.13|8996.36|7|5|34.37|247.37|EUR|20240002
2024-04-30|202404|ACCT-NO-100012|1006|202|4|162151.61|169363.56|3240.85|10452.8|8|6|37.05|254.05|EUR|20240003
2024-05-31|202405|ACCT-NO-100012|1006|202|4|190952.29|183811.96|10049.57|2909.24|9|7|34.72|275.72|EUR|20240004
2024-06-30|202406|ACCT-NO-100012|1006|202|4|192752.96|188260.36|8858.28|4365.68|10|3|37.39|282.39|EUR|20240005
2024-07-31|202407|ACCT-NO-100012|1006|202|4|194553.64|192708.76|7667.0|5822.12|11|4|40.06|289.06|EUR|20240006
2024-08-31|202408|ACCT-NO-100012|1006|202|4|196354.32|197157.16|6475.72|7278.56|5|5|42.74|295.74|EUR|20240007
2024-09-30|202409|ACCT-NO-100012|1006|202|4|198154.99|201605.55|5284.44|8735.0|6|6|25.41|302.41|EUR|20240008
2024-10-31|202410|ACCT-NO-100012|1006|202|4|199955.67|206053.95|4093.16|10191.44|7|7|28.08|309.08|EUR|20240009
2024-11-30|202411|ACCT-NO-100012|1006|202|4|201756.35|210502.35|2901.88|11647.88|8|3|30.75|315.75|EUR|20240010
2024-12-31|202412|ACCT-NO-100012|1006|202|4|230557.03|224950.75|9710.6|4104.32|9|4|48.43|337.43|EUR|20240011
2025-01-31|202501|ACCT-NO-100012|1006|202|4|232357.71|229399.15|8519.32|5560.76|10|5|31.1|344.1|EUR|20240012
2025-02-28|202502|ACCT-NO-100012|1006|202|4|234158.39|233847.55|7328.04|7017.2|11|6|33.77|350.77|EUR|20240013
2025-03-31|202503|ACCT-NO-100012|1006|202|4|235959.07|238295.95|6136.76|8473.64|5|7|36.44|357.44|EUR|20240014
2025-04-30|202504|ACCT-NO-100012|1006|202|4|237759.75|242744.35|4945.48|9930.08|6|3|39.12|364.12|EUR|20240015
2025-05-31|202505|ACCT-NO-100012|1006|202|4|239560.43|247192.75|3754.2|11386.52|7|4|21.79|370.79|EUR|20240016
2025-06-30|202506|ACCT-NO-100012|1006|202|4|268361.11|261641.15|10562.92|3842.96|8|5|39.46|392.46|EUR|20240017
2025-07-31|202507|ACCT-NO-100012|1006|202|4|270161.79|266089.55|9371.64|5299.4|9|6|42.13|399.13|EUR|20240018
2025-08-31|202508|ACCT-NO-100012|1006|202|4|271962.47|270537.95|8180.36|6755.84|10|7|44.81|405.81|EUR|20240019
2025-09-30|202509|ACCT-NO-100012|1006|202|4|273763.15|274986.35|6989.08|8212.28|11|3|27.48|412.48|EUR|20240020
2025-10-31|202510|ACCT-NO-100012|1006|202|4|275563.83|279434.75|5797.8|9668.72|5|4|30.15|419.15|EUR|20240021
2025-11-30|202511|ACCT-NO-100012|1006|202|4|277364.51|283883.15|4606.52|11125.16|6|5|32.82|425.82|EUR|20240022
2025-12-31|202512|ACCT-NO-100012|1006|202|4|279165.18|288331.55|3415.24|12581.61|7|6|35.5|432.5|EUR|20240023
2024-01-31|202401|ACCT-NO-100013|1006|202|7|181749.57|181018.36|6814.69|6083.48|5|3|29.03|271.53|NOK|20240000
2024-02-29|202402|ACCT-NO-100013|1006|202|7|184550.25|186466.76|5623.41|7539.92|6|4|31.7|279.7|NOK|20240001
2024-03-31|202403|ACCT-NO-100013|1006|202|7|187350.93|191915.16|4432.13|8996.36|7|5|34.37|287.87|NOK|20240002
2024-04-30|202404|ACCT-NO-100013|1006|202|7|190151.61|197363.56|3240.85|10452.8|8|6|37.05|296.05|NOK|20240003
2024-05-31|202405|ACCT-NO-100013|1006|202|7|219952.29|212811.96|10049.57|2909.24|9|7|34.72|319.22|NOK|20240004
2024-06-30|202406|ACCT-NO-100013|1006|202|7|222752.96|218260.36|8858.28|4365.68|10|3|37.39|327.39|NOK|20240005
2024-07-31|202407|ACCT-NO-100013|1006|202|7|225553.64|223708.76|7667.0|5822.12|11|4|40.06|335.56|NOK|20240006
2024-08-31|202408|ACCT-NO-100013|1006|202|7|228354.32|229157.16|6475.72|7278.56|5|5|42.74|343.74|NOK|20240007
2024-09-30|202409|ACCT-NO-100013|1006|202|7|231154.99|234605.55|5284.44|8735.0|6|6|25.41|351.91|NOK|20240008
2024-10-31|202410|ACCT-NO-100013|1006|202|7|233955.67|240053.95|4093.16|10191.44|7|7|28.08|360.08|NOK|20240009
2024-11-30|202411|ACCT-NO-100013|1006|202|7|236756.35|245502.35|2901.88|11647.88|8|3|30.75|368.25|NOK|20240010
2024-12-31|202412|ACCT-NO-100013|1006|202|7|266557.03|260950.75|9710.6|4104.32|9|4|48.43|391.43|NOK|20240011
2025-01-31|202501|ACCT-NO-100013|1006|202|7|269357.71|266399.15|8519.32|5560.76|10|5|31.1|399.6|NOK|20240012
2025-02-28|202502|ACCT-NO-100013|1006|202|7|272158.39|271847.55|7328.04|7017.2|11|6|33.77|407.77|NOK|20240013
2025-03-31|202503|ACCT-NO-100013|1006|202|7|274959.07|277295.95|6136.76|8473.64|5|7|36.44|415.94|NOK|20240014
2025-04-30|202504|ACCT-NO-100013|1006|202|7|277759.75|282744.35|4945.48|9930.08|6|3|39.12|424.12|NOK|20240015
2025-05-31|202505|ACCT-NO-100013|1006|202|7|280560.43|288192.75|3754.2|11386.52|7|4|21.79|432.29|NOK|20240016
2025-06-30|202506|ACCT-NO-100013|1006|202|7|310361.11|303641.15|10562.92|3842.96|8|5|39.46|455.46|NOK|20240017
2025-07-31|202507|ACCT-NO-100013|1006|202|7|313161.79|309089.55|9371.64|5299.4|9|6|42.13|463.63|NOK|20240018
2025-08-31|202508|ACCT-NO-100013|1006|202|7|315962.47|314537.95|8180.36|6755.84|10|7|44.81|471.81|NOK|20240019
2025-09-30|202509|ACCT-NO-100013|1006|202|7|318763.15|319986.35|6989.08|8212.28|11|3|27.48|479.98|NOK|20240020
2025-10-31|202510|ACCT-NO-100013|1006|202|7|321563.83|325434.75|5797.8|9668.72|5|4|30.15|488.15|NOK|20240021
2025-11-30|202511|ACCT-NO-100013|1006|202|7|324364.51|330883.15|4606.52|11125.16|6|5|32.82|496.32|NOK|20240022
2025-12-31|202512|ACCT-NO-100013|1006|202|7|327165.18|336331.55|3415.24|12581.61|7|6|35.5|504.5|NOK|20240023
2024-01-31|202401|ACCT-NO-100014|1007|203|8|198115.95|202820.72|4256.58|8961.35|5|3|24.23|304.23|NOK|20240000
2024-02-29|202402|ACCT-NO-100014|1007|203|8|201916.63|209269.12|3065.3|10417.79|6|4|26.9|313.9|NOK|20240001
2024-03-31|202403|ACCT-NO-100014|1007|203|8|232717.31|225717.52|9874.02|2874.23|7|5|44.58|338.58|NOK|20240002
2024-04-30|202404|ACCT-NO-100014|1007|203|8|236517.99|232165.92|8682.74|4330.67|8|6|47.25|348.25|NOK|20240003
2024-05-31|202405|ACCT-NO-100014|1007|203|8|240318.67|238614.32|7491.46|5787.11|9|7|29.92|357.92|NOK|20240004
2024-06-30|202406|ACCT-NO-100014|1007|203|8|244119.35|245062.72|6300.18|7243.55|10|3|32.59|367.59|NOK|20240005
2024-07-31|202407|ACCT-NO-100014|1007|203|8|247920.02|251511.12|5108.89|8699.99|11|4|35.27|377.27|NOK|20240006
2024-08-31|202408|ACCT-NO-100014|1007|203|8|251720.7|257959.52|3917.61|10156.43|5|5|37.94|386.94|NOK|20240007
2024-09-30|202409|ACCT-NO-100014|1007|203|8|255521.38|264407.92|2726.33|11612.87|6|6|20.61|396.61|NOK|20240008
2024-10-31|202410|ACCT-NO-100014|1007|203|8|286322.06|280856.32|9535.05|4069.31|7|7|38.28|421.28|NOK|20240009
2024-11-30|202411|ACCT-NO-100014|1007|203|8|290122.74|287304.72|8343.77|5525.75|8|3|40.96|430.96|NOK|20240010
2024-12-31|202412|ACCT-NO-100014|1007|203|8|293923.42|293753.12|7152.49|6982.19|9|4|43.63|440.63|NOK|20240011
2025-01-31|202501|ACCT-NO-100014|1007|203|8|297724.09|300201.52|5961.21|8438.64|10|5|26.3|450.3|NOK|20240012
2025-02-28|202502|ACCT-NO-100014|1007|203|8|301524.77|306649.92|4769.93|9895.08|11|6|28.97|459.97|NOK|20240013
2025-03-31|202503|ACCT-NO-100014|1007|203|8|305325.45|313098.32|3578.65|11351.52|5|7|31.65|469.65|NOK|20240014
2025-04-30|202504|ACCT-NO-100014|1007|203|8|336126.13|329546.72|10387.37|3807.96|6|3|49.32|494.32|NOK|20240015
2025-05-31|202505|ACCT-NO-100014|1007|203|8|339926.81|335995.12|9196.09|5264.4|7|4|31.99|503.99|NOK|20240016
2025-06-30|202506|ACCT-NO-100014|1007|203|8|343727.48|342443.51|8004.81|6720.84|8|5|34.67|513.67|NOK|20240017
2025-07-31|202507|ACCT-NO-100014|1007|203|8|347528.16|348891.91|6813.53|8177.28|9|6|37.34|523.34|NOK|20240018
2025-08-31|202508|ACCT-NO-100014|1007|203|8|351328.84|355340.31|5622.25|9633.72|10|7|40.01|533.01|NOK|20240019
2025-09-30|202509|ACCT-NO-100014|1007|203|8|355129.52|361788.71|4430.97|11090.16|11|3|22.68|542.68|NOK|20240020
2025-10-31|202510|ACCT-NO-100014|1007|203|8|358930.2|368237.11|3239.69|12546.6|5|4|25.36|552.36|NOK|20240021
2025-11-30|202511|ACCT-NO-100014|1007|203|8|389730.88|384685.51|10048.41|5003.04|6|5|43.03|577.03|NOK|20240022
2025-12-31|202512|ACCT-NO-100014|1007|203|8|393531.56|391133.91|8857.13|6459.48|7|6|45.7|586.7|NOK|20240023
2024-01-31|202401|ACCT-NO-100015|1007|203|9|223115.95|227820.72|4256.58|8961.35|5|3|24.23|341.73|NOK|20240000
2024-02-29|202402|ACCT-NO-100015|1007|203|9|227916.63|235269.12|3065.3|10417.79|6|4|26.9|352.9|NOK|20240001
2024-03-31|202403|ACCT-NO-100015|1007|203|9|259717.31|252717.52|9874.02|2874.23|7|5|44.58|379.08|NOK|20240002
2024-04-30|202404|ACCT-NO-100015|1007|203|9|264517.99|260165.92|8682.74|4330.67|8|6|47.25|390.25|NOK|20240003
2024-05-31|202405|ACCT-NO-100015|1007|203|9|269318.67|267614.32|7491.46|5787.11|9|7|29.92|401.42|NOK|20240004
2024-06-30|202406|ACCT-NO-100015|1007|203|9|274119.35|275062.72|6300.18|7243.55|10|3|32.59|412.59|NOK|20240005
2024-07-31|202407|ACCT-NO-100015|1007|203|9|278920.02|282511.12|5108.89|8699.99|11|4|35.27|423.77|NOK|20240006
2024-08-31|202408|ACCT-NO-100015|1007|203|9|283720.7|289959.52|3917.61|10156.43|5|5|37.94|434.94|NOK|20240007
2024-09-30|202409|ACCT-NO-100015|1007|203|9|288521.38|297407.92|2726.33|11612.87|6|6|20.61|446.11|NOK|20240008
2024-10-31|202410|ACCT-NO-100015|1007|203|9|320322.06|314856.32|9535.05|4069.31|7|7|38.28|472.28|NOK|20240009
2024-11-30|202411|ACCT-NO-100015|1007|203|9|325122.74|322304.72|8343.77|5525.75|8|3|40.96|483.46|NOK|20240010
2024-12-31|202412|ACCT-NO-100015|1007|203|9|329923.42|329753.12|7152.49|6982.19|9|4|43.63|494.63|NOK|20240011
2025-01-31|202501|ACCT-NO-100015|1007|203|9|334724.09|337201.52|5961.21|8438.64|10|5|26.3|505.8|NOK|20240012
2025-02-28|202502|ACCT-NO-100015|1007|203|9|339524.77|344649.92|4769.93|9895.08|11|6|28.97|516.97|NOK|20240013
2025-03-31|202503|ACCT-NO-100015|1007|203|9|344325.45|352098.32|3578.65|11351.52|5|7|31.65|528.15|NOK|20240014
2025-04-30|202504|ACCT-NO-100015|1007|203|9|376126.13|369546.72|10387.37|3807.96|6|3|49.32|554.32|NOK|20240015
2025-05-31|202505|ACCT-NO-100015|1007|203|9|380926.81|376995.12|9196.09|5264.4|7|4|31.99|565.49|NOK|20240016
2025-06-30|202506|ACCT-NO-100015|1007|203|9|385727.48|384443.51|8004.81|6720.84|8|5|34.67|576.67|NOK|20240017
2025-07-31|202507|ACCT-NO-100015|1007|203|9|390528.16|391891.91|6813.53|8177.28|9|6|37.34|587.84|NOK|20240018
2025-08-31|202508|ACCT-NO-100015|1007|203|9|395328.84|399340.31|5622.25|9633.72|10|7|40.01|599.01|NOK|20240019
2025-09-30|202509|ACCT-NO-100015|1007|203|9|400129.52|406788.71|4430.97|11090.16|11|3|22.68|610.18|NOK|20240020
2025-10-31|202510|ACCT-NO-100015|1007|203|9|404930.2|414237.11|3239.69|12546.6|5|4|25.36|621.36|NOK|20240021
2025-11-30|202511|ACCT-NO-100015|1007|203|9|436730.88|431685.51|10048.41|5003.04|6|5|43.03|647.53|NOK|20240022
2025-12-31|202512|ACCT-NO-100015|1007|203|9|441531.56|439133.91|8857.13|6459.48|7|6|45.7|658.7|NOK|20240023
2024-01-31|202401|ACCT-NO-100016|1008|302|1|257387.53|256254.64|7003.71|5870.82|5|3|29.38|384.38|NOK|20240000
2024-02-29|202402|ACCT-NO-100016|1008|302|1|263188.21|264703.04|5812.43|7327.26|6|4|32.05|397.05|NOK|20240001
2024-03-31|202403|ACCT-NO-100016|1008|302|1|268988.89|273151.44|4621.15|8783.7|7|5|34.73|409.73|NOK|20240002
2024-04-30|202404|ACCT-NO-100016|1008|302|1|274789.57|281599.84|3429.87|10240.14|8|6|37.4|422.4|NOK|20240003
2024-05-31|202405|ACCT-NO-100016|1008|302|1|280590.25|290048.24|2238.59|11696.58|9|7|20.07|435.07|NOK|20240004
2024-06-30|202406|ACCT-NO-100016|1008|302|1|313390.93|308496.64|9047.31|4153.02|10|3|37.74|462.74|NOK|20240005
2024-07-31|202407|ACCT-NO-100016|1008|302|1|319191.61|316945.04|7856.03|5609.46|11|4|40.42|475.42|NOK|20240006
2024-08-31|202408|ACCT-NO-100016|1008|302|1|324992.29|325393.44|6664.75|7065.9|5|5|43.09|488.09|NOK|20240007
2024-09-30|202409|ACCT-NO-100016|1008|302|1|330792.97|333841.84|5473.47|8522.34|6|6|25.76|500.76|NOK|20240008
2024-10-31|202410|ACCT-NO-100016|1008|302|1|336593.64|342290.24|4282.19|9978.79|7|7|28.44|513.44|NOK|20240009
2024-11-30|202411|ACCT-NO-100016|1008|302|1|342394.32|350738.64|3090.91|11435.23|8|3|31.11|526.11|NOK|20240010
2024-12-31|202412|ACCT-NO-100016|1008|302|1|375195.0|369187.04|9899.63|3891.67|9|4|48.78|553.78|NOK|20240011
2025-01-31|202501|ACCT-NO-100016|1008|302|1|380995.68|377635.44|8708.35|5348.11|10|5|31.45|566.45|NOK|20240012
2025-02-28|202502|ACCT-NO-100016|1008|302|1|386796.36|386083.84|7517.07|6804.55|11|6|34.13|579.13|NOK|20240013
2025-03-31|202503|ACCT-NO-100016|1008|302|1|392597.04|394532.24|6325.79|8260.99|5|7|36.8|591.8|NOK|20240014
2025-04-30|202504|ACCT-NO-100016|1008|302|1|398397.72|402980.64|5134.51|9717.43|6|3|39.47|604.47|NOK|20240015
2025-05-31|202505|ACCT-NO-100016|1008|302|1|404198.4|411429.04|3943.23|11173.87|7|4|22.14|617.14|NOK|20240016
2025-06-30|202506|ACCT-NO-100016|1008|302|1|436999.08|429877.44|10751.95|3630.31|8|5|39.82|644.82|NOK|20240017
2025-07-31|202507|ACCT-NO-100016|1008|302|1|442799.76|438325.84|9560.67|5086.75|9|6|42.49|657.49|NOK|20240018
2025-08-31|202508|ACCT-NO-100016|1008|302|1|448600.44|446774.24|8369.39|6543.19|10|7|45.16|670.16|NOK|20240019
2025-09-30|202509|ACCT-NO-100016|1008|302|1|454401.12|455222.64|7178.11|7999.63|11|3|27.83|682.83|NOK|20240020
2025-10-31|202510|ACCT-NO-100016|1008|302|1|460201.79|463671.03|5986.83|9456.07|5|4|30.51|695.51|NOK|20240021
2025-11-30|202511|ACCT-NO-100016|1008|302|1|466002.47|472119.43|4795.55|10912.51|6|5|33.18|708.18|NOK|20240022
2025-12-31|202512|ACCT-NO-100016|1008|302|1|471803.15|480567.83|3604.27|12368.95|7|6|35.85|720.85|NOK|20240023
2024-01-31|202401|ACCT-NO-100017|1009|103|1|47477.98|52584.44|4067.55|9174.01|5|3|23.88|78.88|NOK|20240000
2024-02-29|202402|ACCT-NO-100017|1009|103|1|45278.66|53032.84|2876.27|10630.45|6|4|26.55|79.55|NOK|20240001
2024-03-31|202403|ACCT-NO-100017|1009|103|1|70079.34|63481.24|9684.99|3086.89|7|5|44.22|95.22|NOK|20240002
2024-04-30|202404|ACCT-NO-100017|1009|103|1|67880.02|63929.64|8493.71|4543.33|8|6|46.89|95.89|NOK|20240003
2024-05-31|202405|ACCT-NO-100017|1009|103|1|65680.69|64378.03|7302.43|5999.77|9|7|29.57|96.57|NOK|20240004
2024-06-30|202406|ACCT-NO-100017|1009|103|1|63481.37|64826.43|6111.15|7456.21|10|3|32.24|97.24|NOK|20240005
2024-07-31|202407|ACCT-NO-100017|1009|103|1|61282.05|65274.83|4919.87|8912.65|11|4|34.91|97.91|NOK|20240006
2024-08-31|202408|ACCT-NO-100017|1009|103|1|59082.73|65723.23|3728.59|10369.09|5|5|37.58|98.58|NOK|20240007
2024-09-30|202409|ACCT-NO-100017|1009|103|1|56883.41|66171.63|2537.31|11825.53|6|6|20.26|99.26|NOK|20240008
2024-10-31|202410|ACCT-NO-100017|1009|103|1|81684.09|76620.03|9346.03|4281.97|7|7|37.93|114.93|NOK|20240009
2024-11-30|202411|ACCT-NO-100017|1009|103|1|79484.77|77068.43|8154.75|5738.41|8|3|40.6|115.6|NOK|20240010
2024-12-31|202412|ACCT-NO-100017|1009|103|1|77285.45|77516.83|6963.47|7194.85|9|4|43.28|116.28|NOK|20240011
2025-01-31|202501|ACCT-NO-100017|1009|103|1|75086.13|77965.23|5772.19|8651.29|10|5|25.95|116.95|NOK|20240012
2025-02-28|202502|ACCT-NO-100017|1009|103|1|72886.81|78413.63|4580.91|10107.73|11|6|28.62|117.62|NOK|20240013
2025-03-31|202503|ACCT-NO-100017|1009|103|1|70687.49|78862.03|3389.63|11564.17|5|7|31.29|118.29|NOK|20240014
2025-04-30|202504|ACCT-NO-100017|1009|103|1|95488.17|89310.43|10198.35|4020.61|6|3|48.97|133.97|NOK|20240015
2025-05-31|202505|ACCT-NO-100017|1009|103|1|93288.84|89758.83|9007.06|5477.05|7|4|31.64|134.64|NOK|20240016
2025-06-30|202506|ACCT-NO-100017|1009|103|1|91089.52|90207.23|7815.78|6933.49|8|5|34.31|135.31|NOK|20240017
2025-07-31|202507|ACCT-NO-100017|1009|103|1|88890.2|90655.63|6624.5|8389.93|9|6|36.98|135.98|NOK|20240018
2025-08-31|202508|ACCT-NO-100017|1009|103|1|86690.88|91104.03|5433.22|9846.37|10|7|39.66|136.66|NOK|20240019
2025-09-30|202509|ACCT-NO-100017|1009|103|1|84491.56|91552.43|4241.94|11302.81|11|3|22.33|137.33|NOK|20240020
2025-10-31|202510|ACCT-NO-100017|1009|103|1|82292.24|92000.83|3050.66|12759.25|5|4|25.0|138.0|NOK|20240021
2025-11-30|202511|ACCT-NO-100017|1009|103|1|107092.92|102449.23|9859.38|5215.69|6|5|42.67|153.67|NOK|20240022
2025-12-31|202512|ACCT-NO-100017|1009|103|1|104893.6|102897.63|8668.1|6672.13|7|6|45.35|154.35|NOK|20240023
2024-01-31|202401|ACCT-NO-100018|1009|103|5|72477.98|77584.44|4067.55|9174.01|5|3|23.88|116.38|NOK|20240000
2024-02-29|202402|ACCT-NO-100018|1009|103|5|71278.66|79032.84|2876.27|10630.45|6|4|26.55|118.55|NOK|20240001
2024-03-31|202403|ACCT-NO-100018|1009|103|5|97079.34|90481.24|9684.99|3086.89|7|5|44.22|135.72|NOK|20240002
2024-04-30|202404|ACCT-NO-100018|1009|103|5|95880.02|91929.64|8493.71|4543.33|8|6|46.89|137.89|NOK|20240003
2024-05-31|202405|ACCT-NO-100018|1009|103|5|94680.69|93378.03|7302.43|5999.77|9|7|29.57|140.07|NOK|20240004
2024-06-30|202406|ACCT-NO-100018|1009|103|5|93481.37|94826.43|6111.15|7456.21|10|3|32.24|142.24|NOK|20240005
2024-07-31|202407|ACCT-NO-100018|1009|103|5|92282.05|96274.83|4919.87|8912.65|11|4|34.91|144.41|NOK|20240006
2024-08-31|202408|ACCT-NO-100018|1009|103|5|91082.73|97723.23|3728.59|10369.09|5|5|37.58|146.58|NOK|20240007
2024-09-30|202409|ACCT-NO-100018|1009|103|5|89883.41|99171.63|2537.31|11825.53|6|6|20.26|148.76|NOK|20240008
2024-10-31|202410|ACCT-NO-100018|1009|103|5|115684.09|110620.03|9346.03|4281.97|7|7|37.93|165.93|NOK|20240009
2024-11-30|202411|ACCT-NO-100018|1009|103|5|114484.77|112068.43|8154.75|5738.41|8|3|40.6|168.1|NOK|20240010
2024-12-31|202412|ACCT-NO-100018|1009|103|5|113285.45|113516.83|6963.47|7194.85|9|4|43.28|170.28|NOK|20240011
2025-01-31|202501|ACCT-NO-100018|1009|103|5|112086.13|114965.23|5772.19|8651.29|10|5|25.95|172.45|NOK|20240012
2025-02-28|202502|ACCT-NO-100018|1009|103|5|110886.81|116413.63|4580.91|10107.73|11|6|28.62|174.62|NOK|20240013
2025-03-31|202503|ACCT-NO-100018|1009|103|5|109687.49|117862.03|3389.63|11564.17|5|7|31.29|176.79|NOK|20240014
2025-04-30|202504|ACCT-NO-100018|1009|103|5|135488.17|129310.43|10198.35|4020.61|6|3|48.97|193.97|NOK|20240015
2025-05-31|202505|ACCT-NO-100018|1009|103|5|134288.84|130758.83|9007.06|5477.05|7|4|31.64|196.14|NOK|20240016
2025-06-30|202506|ACCT-NO-100018|1009|103|5|133089.52|132207.23|7815.78|6933.49|8|5|34.31|198.31|NOK|20240017
2025-07-31|202507|ACCT-NO-100018|1009|103|5|131890.2|133655.63|6624.5|8389.93|9|6|36.98|200.48|NOK|20240018
2025-08-31|202508|ACCT-NO-100018|1009|103|5|130690.88|135104.03|5433.22|9846.37|10|7|39.66|202.66|NOK|20240019
2025-09-30|202509|ACCT-NO-100018|1009|103|5|129491.56|136552.43|4241.94|11302.81|11|3|22.33|204.83|NOK|20240020
2025-10-31|202510|ACCT-NO-100018|1009|103|5|128292.24|138000.83|3050.66|12759.25|5|4|25.0|207.0|NOK|20240021
2025-11-30|202511|ACCT-NO-100018|1009|103|5|154092.92|149449.23|9859.38|5215.69|6|5|42.67|224.17|NOK|20240022
2025-12-31|202512|ACCT-NO-100018|1009|103|5|152893.6|150897.63|8668.1|6672.13|7|6|45.35|226.35|NOK|20240023
2024-01-31|202401|ACCT-NO-100019|1010|204|1|116482.32|109623.08|9698.47|2839.23|5|3|34.43|164.43|NOK|20240000
2024-02-29|202402|ACCT-NO-100019|1010|204|1|116283.0|112071.48|8507.19|4295.67|6|4|37.11|168.11|NOK|20240001
2024-03-31|202403|ACCT-NO-100019|1010|204|1|116083.68|114519.88|7315.91|5752.11|7|5|39.78|171.78|NOK|20240002
2024-04-30|202404|ACCT-NO-100019|1010|204|1|115884.36|116968.28|6124.63|7208.55|8|6|42.45|175.45|NOK|20240003
2024-05-31|202405|ACCT-NO-100019|1010|204|1|115685.04|119416.68|4933.35|8664.99|9|7|25.13|179.13|NOK|20240004
2024-06-30|202406|ACCT-NO-100019|1010|204|1|115485.72|121865.08|3742.07|10121.43|10|3|27.8|182.8|NOK|20240005
2024-07-31|202407|ACCT-NO-100019|1010|204|1|115286.4|124313.48|2550.79|11577.87|11|4|30.47|186.47|NOK|20240006
2024-08-31|202408|ACCT-NO-100019|1010|204|1|142087.07|136761.88|9359.5|4034.31|5|5|48.14|205.14|NOK|20240007
2024-09-30|202409|ACCT-NO-100019|1010|204|1|141887.75|139210.28|8168.22|5490.75|6|6|30.82|208.82|NOK|20240008
2024-10-31|202410|ACCT-NO-100019|1010|204|1|141688.43|141658.68|6976.94|6947.19|7|7|33.49|212.49|NOK|20240009
2024-11-30|202411|ACCT-NO-100019|1010|204|1|141489.11|144107.08|5785.66|8403.63|8|3|36.16|216.16|NOK|20240010
2024-12-31|202412|ACCT-NO-100019|1010|204|1|141289.79|146555.48|4594.38|9860.07|9|4|38.83|219.83|NOK|20240011
2025-01-31|202501|ACCT-NO-100019|1010|204|1|141090.47|149003.88|3403.1|11316.51|10|5|21.51|223.51|NOK|20240012
2025-02-28|202502|ACCT-NO-100019|1010|204|1|167891.15|161452.28|10211.82|3772.95|11|6|39.18|242.18|NOK|20240013
2025-03-31|202503|ACCT-NO-100019|1010|204|1|167691.83|163900.68|9020.54|5229.39|5|7|41.85|245.85|NOK|20240014
2025-04-30|202504|ACCT-NO-100019|1010|204|1|167492.51|166349.08|7829.26|6685.83|6|3|44.52|249.52|NOK|20240015
2025-05-31|202505|ACCT-NO-100019|1010|204|1|167293.19|168797.48|6637.98|8142.27|7|4|27.2|253.2|NOK|20240016
2025-06-30|202506|ACCT-NO-100019|1010|204|1|167093.87|171245.88|5446.7|9598.71|8|5|29.87|256.87|NOK|20240017
2025-07-31|202507|ACCT-NO-100019|1010|204|1|166894.55|173694.28|4255.42|11055.15|9|6|32.54|260.54|NOK|20240018
2025-08-31|202508|ACCT-NO-100019|1010|204|1|166695.23|176142.68|3064.14|12511.59|10|7|35.21|264.21|NOK|20240019
2025-09-30|202509|ACCT-NO-100019|1010|204|1|193495.91|188591.08|9872.86|4968.03|11|3|32.89|282.89|NOK|20240020
2025-10-31|202510|ACCT-NO-100019|1010|204|1|193296.59|191039.48|8681.58|6424.47|5|4|35.56|286.56|NOK|20240021
2025-11-30|202511|ACCT-NO-100019|1010|204|1|193097.27|193487.88|7490.3|7880.91|6|5|38.23|290.23|NOK|20240022
2025-12-31|202512|ACCT-NO-100019|1010|204|1|192897.95|195936.28|6299.02|9337.35|7|6|40.9|293.9|NOK|20240023
2024-01-31|202401|ACCT-NO-100020|1010|204|10|141482.32|134623.08|9698.47|2839.23|5|3|34.43|201.93|NOK|20240000
2024-02-29|202402|ACCT-NO-100020|1010|204|10|142283.0|138071.48|8507.19|4295.67|6|4|37.11|207.11|NOK|20240001
2024-03-31|202403|ACCT-NO-100020|1010|204|10|143083.68|141519.88|7315.91|5752.11|7|5|39.78|212.28|NOK|20240002
2024-04-30|202404|ACCT-NO-100020|1010|204|10|143884.36|144968.28|6124.63|7208.55|8|6|42.45|217.45|NOK|20240003
2024-05-31|202405|ACCT-NO-100020|1010|204|10|144685.04|148416.68|4933.35|8664.99|9|7|25.13|222.63|NOK|20240004
2024-06-30|202406|ACCT-NO-100020|1010|204|10|145485.72|151865.08|3742.07|10121.43|10|3|27.8|227.8|NOK|20240005
2024-07-31|202407|ACCT-NO-100020|1010|204|10|146286.4|155313.48|2550.79|11577.87|11|4|30.47|232.97|NOK|20240006
2024-08-31|202408|ACCT-NO-100020|1010|204|10|174087.07|168761.88|9359.5|4034.31|5|5|48.14|253.14|NOK|20240007
2024-09-30|202409|ACCT-NO-100020|1010|204|10|174887.75|172210.28|8168.22|5490.75|6|6|30.82|258.32|NOK|20240008
2024-10-31|202410|ACCT-NO-100020|1010|204|10|175688.43|175658.68|6976.94|6947.19|7|7|33.49|263.49|NOK|20240009
2024-11-30|202411|ACCT-NO-100020|1010|204|10|176489.11|179107.08|5785.66|8403.63|8|3|36.16|268.66|NOK|20240010
2024-12-31|202412|ACCT-NO-100020|1010|204|10|177289.79|182555.48|4594.38|9860.07|9|4|38.83|273.83|NOK|20240011
2025-01-31|202501|ACCT-NO-100020|1010|204|10|178090.47|186003.88|3403.1|11316.51|10|5|21.51|279.01|NOK|20240012
2025-02-28|202502|ACCT-NO-100020|1010|204|10|205891.15|199452.28|10211.82|3772.95|11|6|39.18|299.18|NOK|20240013
2025-03-31|202503|ACCT-NO-100020|1010|204|10|206691.83|202900.68|9020.54|5229.39|5|7|41.85|304.35|NOK|20240014
2025-04-30|202504|ACCT-NO-100020|1010|204|10|207492.51|206349.08|7829.26|6685.83|6|3|44.52|309.52|NOK|20240015
2025-05-31|202505|ACCT-NO-100020|1010|204|10|208293.19|209797.48|6637.98|8142.27|7|4|27.2|314.7|NOK|20240016
2025-06-30|202506|ACCT-NO-100020|1010|204|10|209093.87|213245.88|5446.7|9598.71|8|5|29.87|319.87|NOK|20240017
2025-07-31|202507|ACCT-NO-100020|1010|204|10|209894.55|216694.28|4255.42|11055.15|9|6|32.54|325.04|NOK|20240018
2025-08-31|202508|ACCT-NO-100020|1010|204|10|210695.23|220142.68|3064.14|12511.59|10|7|35.21|330.21|NOK|20240019
2025-09-30|202509|ACCT-NO-100020|1010|204|10|238495.91|233591.08|9872.86|4968.03|11|3|32.89|350.39|NOK|20240020
2025-10-31|202510|ACCT-NO-100020|1010|204|10|239296.59|237039.48|8681.58|6424.47|5|4|35.56|355.56|NOK|20240021
2025-11-30|202511|ACCT-NO-100020|1010|204|10|240097.27|240487.88|7490.3|7880.91|6|5|38.23|360.73|NOK|20240022
2025-12-31|202512|ACCT-NO-100020|1010|204|10|240897.95|243936.28|6299.02|9337.35|7|6|40.9|365.9|NOK|20240023
