TRANSACTION_ID|TRANSACTION_DATE|ACCOUNT_ID|CUSTOMER_ID|BRANCH_ID|PRODUCT_ID|TRANSACTION_TYPE|CHANNEL|TRANSACTION_AMOUNT|TRANSACTION_CURRENCY|BASE_CURRENCY_AMOUNT|IS_INTERNATIONAL|IS_FLAGGED|MERCHANT_NAME|ETL_BATCH_ID
9000000001|2024-01-13|ACCT-NO-100001|1001|101|1|DEBIT|BRANCH|216901.89|EUR|2494371.74|1|1|MERCHANT-01|20240000
9000000002|2024-02-27|ACCT-NO-100001|1001|101|1|CREDIT|ATM|8883.25|NOK|8883.25|0|0|MERCHANT-02|20240001
9000000003|2024-03-14|ACCT-NO-100001|1001|101|1|TRANSFER|ONLINE|4508.03|NOK|4508.03|0|0|MERCHANT-03|20240002
9000000004|2024-04-01|ACCT-NO-100001|1001|101|1|FEE|MOBILE|132.81|NOK|132.81|0|0|MERCHANT-04|20240003
9000000005|2024-05-15|ACCT-NO-100001|1001|101|1|INTEREST|POS|4757.58|NOK|4757.58|0|0|MERCHANT-05|20240004
9000000006|2024-06-01|ACCT-NO-100001|1001|101|1|DEBIT|BRANCH|382.36|NOK|382.36|0|0|MERCHANT-06|20240005
9000000007|2024-07-15|ACCT-NO-100001|1001|101|1|CREDIT|ATM|5007.14|NOK|5007.14|0|0|MERCHANT-07|20240006
9000000008|2024-08-02|ACCT-NO-100001|1001|101|1|TRANSFER|ONLINE|27586.32|EUR|317242.68|1|0|MERCHANT-08|20240007
9000000009|2024-09-16|ACCT-NO-100001|1001|101|1|FEE|MOBILE|5256.7|NOK|5256.7|0|0|MERCHANT-09|20240008
9000000010|2024-10-03|ACCT-NO-100001|1001|101|1|INTEREST|POS|881.48|NOK|881.48|0|0|MERCHANT-10|20240009
9000000011|2024-11-17|ACCT-NO-100001|1001|101|1|DEBIT|BRANCH|5506.26|NOK|5506.26|0|0|MERCHANT-11|20240010
9000000012|2024-12-04|ACCT-NO-100001|1001|101|1|CREDIT|ATM|130028.8|NOK|130028.8|0|0|MERCHANT-12|20240011
9000000013|2025-01-18|ACCT-NO-100001|1001|101|1|TRANSFER|ONLINE|5755.82|NOK|5755.82|0|0|MERCHANT-13|20240012
9000000014|2025-02-04|ACCT-NO-100001|1001|101|1|FEE|MOBILE|1380.59|NOK|1380.59|0|1|MERCHANT-14|20240013
9000000015|2025-03-18|ACCT-NO-100001|1001|101|1|INTEREST|POS|51468.33|EUR|591885.8|1|0|MERCHANT-15|20240014
9000000016|2025-04-05|ACCT-NO-100001|1001|101|1|DEBIT|BRANCH|1630.15|NOK|1630.15|0|0|MERCHANT-16|20240015
9000000017|2025-05-19|ACCT-NO-100001|1001|101|1|CREDIT|ATM|6254.93|NOK|6254.93|0|0|MERCHANT-17|20240016
9000000018|2025-06-06|ACCT-NO-100001|1001|101|1|TRANSFER|ONLINE|1879.71|NOK|1879.71|0|0|MERCHANT-18|20240017
9000000019|2025-07-20|ACCT-NO-100001|1001|101|1|FEE|MOBILE|6504.49|NOK|6504.49|0|0|MERCHANT-19|20240018
9000000020|2025-08-07|ACCT-NO-100001|1001|101|1|INTEREST|POS|2129.27|NOK|2129.27|0|0|MERCHANT-20|20240019
9000000021|2025-09-21|ACCT-NO-100001|1001|101|1|DEBIT|BRANCH|6754.05|NOK|6754.05|0|0|MERCHANT-21|20240020
9000000022|2025-10-07|ACCT-NO-100001|1001|101|1|CREDIT|ATM|35350.34|EUR|406528.91|1|0|MERCHANT-22|20240021
9000000023|2025-11-21|ACCT-NO-100001|1001|101|1|TRANSFER|ONLINE|293155.71|NOK|293155.71|0|0|MERCHANT-23|20240022
9000000024|2025-12-08|ACCT-NO-100001|1001|101|1|FEE|MOBILE|2628.38|NOK|2628.38|0|0|MERCHANT-24|20240023
9000000025|2024-01-22|ACCT-NO-100001|1001|101|1|INTEREST|POS|7253.16|NOK|7253.16|0|0|MERCHANT-25|20240000
9000000026|2024-01-09|ACCT-NO-100002|1001|101|2|DEBIT|BRANCH|178553.95|EUR|2053370.43|1|1|MERCHANT-26|20240000
9000000027|2024-02-23|ACCT-NO-100002|1001|101|2|CREDIT|ATM|7502.72|NOK|7502.72|0|0|MERCHANT-27|20240001
9000000028|2024-03-10|ACCT-NO-100002|1001|101|2|TRANSFER|ONLINE|3127.5|NOK|3127.5|0|0|MERCHANT-28|20240002
9000000029|2024-04-24|ACCT-NO-100002|1001|101|2|FEE|MOBILE|7752.28|NOK|7752.28|0|0|MERCHANT-29|20240003
9000000030|2024-05-10|ACCT-NO-100002|1001|101|2|INTEREST|POS|3377.06|NOK|3377.06|0|0|MERCHANT-30|20240004
9000000031|2024-06-24|ACCT-NO-100002|1001|101|2|DEBIT|BRANCH|8001.84|NOK|8001.84|0|0|MERCHANT-31|20240005
9000000032|2024-07-11|ACCT-NO-100002|1001|101|2|CREDIT|ATM|3626.62|NOK|3626.62|0|0|MERCHANT-32|20240006
9000000033|2024-08-25|ACCT-NO-100002|1001|101|2|TRANSFER|ONLINE|61450.64|EUR|706682.36|1|0|MERCHANT-33|20240007
9000000034|2024-09-12|ACCT-NO-100002|1001|101|2|FEE|MOBILE|3876.17|NOK|3876.17|0|0|MERCHANT-34|20240008
9000000035|2024-10-26|ACCT-NO-100002|1001|101|2|INTEREST|POS|8500.95|NOK|8500.95|0|0|MERCHANT-35|20240009
9000000036|2024-11-13|ACCT-NO-100002|1001|101|2|DEBIT|BRANCH|4125.73|NOK|4125.73|0|0|MERCHANT-36|20240010
9000000037|2024-12-27|ACCT-NO-100002|1001|101|2|CREDIT|ATM|341680.86|NOK|341680.86|0|0|MERCHANT-37|20240011
9000000038|2025-01-13|ACCT-NO-100002|1001|101|2|TRANSFER|ONLINE|4375.29|NOK|4375.29|0|0|MERCHANT-38|20240012
9000000039|2025-02-27|ACCT-NO-100002|1001|101|2|FEE|MOBILE|9000.07|NOK|9000.07|0|1|MERCHANT-39|20240013
9000000040|2025-03-14|ACCT-NO-100002|1001|101|2|INTEREST|POS|45332.66|EUR|521325.59|1|0|MERCHANT-40|20240014
9000000041|2025-04-01|ACCT-NO-100002|1001|101|2|DEBIT|BRANCH|249.63|NOK|249.63|0|0|MERCHANT-41|20240015
9000000042|2025-05-15|ACCT-NO-100002|1001|101|2|CREDIT|ATM|4874.41|NOK|4874.41|0|0|MERCHANT-42|20240016
9000000043|2025-06-02|ACCT-NO-100002|1001|101|2|TRANSFER|ONLINE|499.18|NOK|499.18|0|0|MERCHANT-43|20240017
9000000044|2025-07-16|ACCT-NO-100002|1001|101|2|FEE|MOBILE|5123.96|NOK|5123.96|0|0|MERCHANT-44|20240018
9000000045|2025-08-03|ACCT-NO-100002|1001|101|2|INTEREST|POS|748.74|NOK|748.74|0|0|MERCHANT-45|20240019
9000000046|2025-09-16|ACCT-NO-100002|1001|101|2|DEBIT|BRANCH|5373.52|NOK|5373.52|0|0|MERCHANT-46|20240020
9000000047|2025-10-03|ACCT-NO-100002|1001|101|2|CREDIT|ATM|29214.67|EUR|335968.7|1|0|MERCHANT-47|20240021
9000000048|2025-11-17|ACCT-NO-100002|1001|101|2|TRANSFER|ONLINE|254807.77|NOK|254807.77|0|0|MERCHANT-48|20240022
9000000049|2025-12-04|ACCT-NO-100002|1001|101|2|FEE|MOBILE|1247.86|NOK|1247.86|0|0|MERCHANT-49|20240023
9000000050|2024-01-18|ACCT-NO-100002|1001|101|2|INTEREST|POS|5872.64|NOK|5872.64|0|0|MERCHANT-00|20240000
9000000051|2024-01-05|ACCT-NO-100003|1002|102|1|DEBIT|BRANCH|140206.01|EUR|1612369.12|1|1|MERCHANT-01|20240000
9000000052|2024-02-19|ACCT-NO-100003|1002|102|1|CREDIT|ATM|6122.2|NOK|6122.2|0|0|MERCHANT-02|20240001
9000000053|2024-03-06|ACCT-NO-100003|1002|102|1|TRANSFER|ONLINE|1746.97|NOK|1746.97|0|0|MERCHANT-03|20240002
9000000054|2024-04-19|ACCT-NO-100003|1002|102|1|FEE|MOBILE|6371.75|NOK|6371.75|0|0|MERCHANT-04|20240003
9000000055|2024-05-06|ACCT-NO-100003|1002|102|1|INTEREST|POS|1996.53|NOK|1996.53|0|0|MERCHANT-05|20240004
9000000056|2024-06-20|ACCT-NO-100003|1002|102|1|DEBIT|BRANCH|6621.31|NOK|6621.31|0|0|MERCHANT-06|20240005
9000000057|2024-07-07|ACCT-NO-100003|1002|102|1|CREDIT|ATM|2246.09|NOK|2246.09|0|0|MERCHANT-07|20240006
9000000058|2024-08-21|ACCT-NO-100003|1002|102|1|TRANSFER|ONLINE|55314.97|EUR|636122.16|1|0|MERCHANT-08|20240007
9000000059|2024-09-08|ACCT-NO-100003|1002|102|1|FEE|MOBILE|2495.65|NOK|2495.65|0|0|MERCHANT-09|20240008
9000000060|2024-10-22|ACCT-NO-100003|1002|102|1|INTEREST|POS|7120.43|NOK|7120.43|0|0|MERCHANT-10|20240009
9000000061|2024-11-09|ACCT-NO-100003|1002|102|1|DEBIT|BRANCH|2745.21|NOK|2745.21|0|0|MERCHANT-11|20240010
9000000062|2024-12-22|ACCT-NO-100003|1002|102|1|CREDIT|ATM|303332.92|NOK|303332.92|0|0|MERCHANT-12|20240011
9000000063|2025-01-09|ACCT-NO-100003|1002|102|1|TRANSFER|ONLINE|2994.76|NOK|2994.76|0|0|MERCHANT-13|20240012
9000000064|2025-02-23|ACCT-NO-100003|1002|102|1|FEE|MOBILE|7619.54|NOK|7619.54|0|1|MERCHANT-14|20240013
9000000065|2025-03-10|ACCT-NO-100003|1002|102|1|INTEREST|POS|39196.99|EUR|450765.38|1|0|MERCHANT-15|20240014
9000000066|2025-04-24|ACCT-NO-100003|1002|102|1|DEBIT|BRANCH|7869.1|NOK|7869.1|0|0|MERCHANT-16|20240015
9000000067|2025-05-11|ACCT-NO-100003|1002|102|1|CREDIT|ATM|3493.88|NOK|3493.88|0|0|MERCHANT-17|20240016
9000000068|2025-06-25|ACCT-NO-100003|1002|102|1|TRANSFER|ONLINE|8118.66|NOK|8118.66|0|0|MERCHANT-18|20240017
9000000069|2025-07-12|ACCT-NO-100003|1002|102|1|FEE|MOBILE|3743.44|NOK|3743.44|0|0|MERCHANT-19|20240018
9000000070|2025-08-25|ACCT-NO-100003|1002|102|1|INTEREST|POS|8368.22|NOK|8368.22|0|0|MERCHANT-20|20240019
9000000071|2025-09-12|ACCT-NO-100003|1002|102|1|DEBIT|BRANCH|3993.0|NOK|3993.0|0|0|MERCHANT-21|20240020
9000000072|2025-10-26|ACCT-NO-100003|1002|102|1|CREDIT|ATM|63079.0|EUR|725408.5|1|0|MERCHANT-22|20240021
9000000073|2025-11-13|ACCT-NO-100003|1002|102|1|TRANSFER|ONLINE|216459.83|NOK|216459.83|0|0|MERCHANT-23|20240022
9000000074|2025-12-27|ACCT-NO-100003|1002|102|1|FEE|MOBILE|8867.33|NOK|8867.33|0|0|MERCHANT-24|20240023
9000000075|2024-01-14|ACCT-NO-100003|1002|102|1|INTEREST|POS|4492.11|NOK|4492.11|0|0|MERCHANT-25|20240000
9000000076|2024-01-01|ACCT-NO-100004|1002|102|5|DEBIT|BRANCH|101858.07|EUR|1171367.81|1|1|MERCHANT-26|20240000
9000000077|2024-02-15|ACCT-NO-100004|1002|102|5|CREDIT|ATM|4741.67|NOK|4741.67|0|0|MERCHANT-27|20240001
9000000078|2024-03-01|ACCT-NO-100004|1002|102|5|TRANSFER|ONLINE|366.45|NOK|366.45|0|0|MERCHANT-28|20240002
9000000079|2024-04-15|ACCT-NO-100004|1002|102|5|FEE|MOBILE|4991.23|NOK|4991.23|0|0|MERCHANT-29|20240003
9000000080|2024-05-02|ACCT-NO-100004|1002|102|5|INTEREST|POS|616.01|NOK|616.01|0|0|MERCHANT-30|20240004
9000000081|2024-06-16|ACCT-NO-100004|1002|102|5|DEBIT|BRANCH|5240.79|NOK|5240.79|0|0|MERCHANT-31|20240005
9000000082|2024-07-03|ACCT-NO-100004|1002|102|5|CREDIT|ATM|865.56|NOK|865.56|0|0|MERCHANT-32|20240006
9000000083|2024-08-17|ACCT-NO-100004|1002|102|5|TRANSFER|ONLINE|49179.3|EUR|565561.95|1|0|MERCHANT-33|20240007
9000000084|2024-09-04|ACCT-NO-100004|1002|102|5|FEE|MOBILE|1115.12|NOK|1115.12|0|0|MERCHANT-34|20240008
9000000085|2024-10-18|ACCT-NO-100004|1002|102|5|INTEREST|POS|5739.9|NOK|5739.9|0|0|MERCHANT-35|20240009
9000000086|2024-11-04|ACCT-NO-100004|1002|102|5|DEBIT|BRANCH|1364.68|NOK|1364.68|0|0|MERCHANT-36|20240010
9000000087|2024-12-18|ACCT-NO-100004|1002|102|5|CREDIT|ATM|264984.98|NOK|264984.98|0|0|MERCHANT-37|20240011
9000000088|2025-01-05|ACCT-NO-100004|1002|102|5|TRANSFER|ONLINE|1614.24|NOK|1614.24|0|0|MERCHANT-38|20240012
9000000089|2025-02-19|ACCT-NO-100004|1002|102|5|FEE|MOBILE|6239.02|NOK|6239.02|0|1|MERCHANT-39|20240013
9000000090|2025-03-06|ACCT-NO-100004|1002|102|5|INTEREST|POS|33061.32|EUR|380205.18|1|0|MERCHANT-40|20240014
9000000091|2025-04-20|ACCT-NO-100004|1002|102|5|DEBIT|BRANCH|6488.58|NOK|6488.58|0|0|MERCHANT-41|20240015
9000000092|2025-05-07|ACCT-NO-100004|1002|102|5|CREDIT|ATM|2113.35|NOK|2113.35|0|0|MERCHANT-42|20240016
9000000093|2025-06-21|ACCT-NO-100004|1002|102|5|TRANSFER|ONLINE|6738.13|NOK|6738.13|0|0|MERCHANT-43|20240017
9000000094|2025-07-07|ACCT-NO-100004|1002|102|5|FEE|MOBILE|2362.91|NOK|2362.91|0|0|MERCHANT-44|20240018
9000000095|2025-08-21|ACCT-NO-100004|1002|102|5|INTEREST|POS|6987.69|NOK|6987.69|0|0|MERCHANT-45|20240019
9000000096|2025-09-08|ACCT-NO-100004|1002|102|5|DEBIT|BRANCH|2612.47|NOK|2612.47|0|0|MERCHANT-46|20240020
9000000097|2025-10-22|ACCT-NO-100004|1002|102|5|CREDIT|ATM|56943.33|EUR|654848.3|1|0|MERCHANT-47|20240021
9000000098|2025-11-09|ACCT-NO-100004|1002|102|5|TRANSFER|ONLINE|178111.89|NOK|178111.89|0|0|MERCHANT-48|20240022
9000000099|2025-12-23|ACCT-NO-100004|1002|102|5|FEE|MOBILE|7486.81|NOK|7486.81|0|0|MERCHANT-49|20240023
9000000100|2024-01-10|ACCT-NO-100004|1002|102|5|INTEREST|POS|3111.59|NOK|3111.59|0|0|MERCHANT-00|20240000
9000000101|2024-01-24|ACCT-NO-100005|1003|201|1|DEBIT|BRANCH|313510.13|EUR|3605366.5|1|1|MERCHANT-01|20240000
9000000102|2024-02-10|ACCT-NO-100005|1003|201|1|CREDIT|ATM|3361.14|NOK|3361.14|0|0|MERCHANT-02|20240001
9000000103|2024-03-24|ACCT-NO-100005|1003|201|1|TRANSFER|ONLINE|7985.92|NOK|7985.92|0|0|MERCHANT-03|20240002
9000000104|2024-04-11|ACCT-NO-100005|1003|201|1|FEE|MOBILE|3610.7|NOK|3610.7|0|0|MERCHANT-04|20240003
9000000105|2024-05-25|ACCT-NO-100005|1003|201|1|INTEREST|POS|8235.48|NOK|8235.48|0|0|MERCHANT-05|20240004
9000000106|2024-06-12|ACCT-NO-100005|1003|201|1|DEBIT|BRANCH|3860.26|NOK|3860.26|0|0|MERCHANT-06|20240005
9000000107|2024-07-26|ACCT-NO-100005|1003|201|1|CREDIT|ATM|8485.04|NOK|8485.04|0|0|MERCHANT-07|20240006
9000000108|2024-08-13|ACCT-NO-100005|1003|201|1|TRANSFER|ONLINE|43043.63|EUR|495001.74|1|0|MERCHANT-08|20240007
9000000109|2024-09-27|ACCT-NO-100005|1003|201|1|FEE|MOBILE|8734.6|NOK|8734.6|0|0|MERCHANT-09|20240008
9000000110|2024-10-13|ACCT-NO-100005|1003|201|1|INTEREST|POS|4359.38|NOK|4359.38|0|0|MERCHANT-10|20240009
9000000111|2024-11-27|ACCT-NO-100005|1003|201|1|DEBIT|BRANCH|8984.15|NOK|8984.15|0|0|MERCHANT-11|20240010
9000000112|2024-12-14|ACCT-NO-100005|1003|201|1|CREDIT|ATM|226637.04|NOK|226637.04|0|0|MERCHANT-12|20240011
9000000113|2025-01-01|ACCT-NO-100005|1003|201|1|TRANSFER|ONLINE|233.71|NOK|233.71|0|0|MERCHANT-13|20240012
9000000114|2025-02-15|ACCT-NO-100005|1003|201|1|FEE|MOBILE|4858.49|NOK|4858.49|0|1|MERCHANT-14|20240013
9000000115|2025-03-02|ACCT-NO-100005|1003|201|1|INTEREST|POS|26925.65|EUR|309644.98|1|0|MERCHANT-15|20240014
9000000116|2025-04-16|ACCT-NO-100005|1003|201|1|DEBIT|BRANCH|5108.05|NOK|5108.05|0|0|MERCHANT-16|20240015
9000000117|2025-05-03|ACCT-NO-100005|1003|201|1|CREDIT|ATM|732.83|NOK|732.83|0|0|MERCHANT-17|20240016
9000000118|2025-06-16|ACCT-NO-100005|1003|201|1|TRANSFER|ONLINE|5357.61|NOK|5357.61|0|0|MERCHANT-18|20240017
9000000119|2025-07-03|ACCT-NO-100005|1003|201|1|FEE|MOBILE|982.39|NOK|982.39|0|0|MERCHANT-19|20240018
9000000120|2025-08-17|ACCT-NO-100005|1003|201|1|INTEREST|POS|5607.17|NOK|5607.17|0|0|MERCHANT-20|20240019
9000000121|2025-09-04|ACCT-NO-100005|1003|201|1|DEBIT|BRANCH|1231.94|NOK|1231.94|0|0|MERCHANT-21|20240020
9000000122|2025-10-18|ACCT-NO-100005|1003|201|1|CREDIT|ATM|50807.66|EUR|584288.09|1|0|MERCHANT-22|20240021
9000000123|2025-11-05|ACCT-NO-100005|1003|201|1|TRANSFER|ONLINE|139763.95|NOK|139763.95|0|0|MERCHANT-23|20240022
9000000124|2025-12-19|ACCT-NO-100005|1003|201|1|FEE|MOBILE|6106.28|NOK|6106.28|0|0|MERCHANT-24|20240023
9000000125|2024-01-06|ACCT-NO-100005|1003|201|1|INTEREST|POS|1731.06|NOK|1731.06|0|0|MERCHANT-25|20240000
9000000126|2024-01-19|ACCT-NO-100006|1003|201|3|DEBIT|BRANCH|275162.19|EUR|3164365.19|1|1|MERCHANT-26|20240000
9000000127|2024-02-06|ACCT-NO-100006|1003|201|3|CREDIT|ATM|1980.62|NOK|1980.62|0|0|MERCHANT-27|20240001
9000000128|2024-03-20|ACCT-NO-100006|1003|201|3|TRANSFER|ONLINE|6605.4|NOK|6605.4|0|0|MERCHANT-28|20240002
9000000129|2024-04-07|ACCT-NO-100006|1003|201|3|FEE|MOBILE|2230.18|NOK|2230.18|0|0|MERCHANT-29|20240003
9000000130|2024-05-21|ACCT-NO-100006|1003|201|3|INTEREST|POS|6854.95|NOK|6854.95|0|0|MERCHANT-30|20240004
9000000131|2024-06-08|ACCT-NO-100006|1003|201|3|DEBIT|BRANCH|2479.73|NOK|2479.73|0|0|MERCHANT-31|20240005
9000000132|2024-07-22|ACCT-NO-100006|1003|201|3|CREDIT|ATM|7104.51|NOK|7104.51|0|0|MERCHANT-32|20240006
9000000133|2024-08-09|ACCT-NO-100006|1003|201|3|TRANSFER|ONLINE|36907.96|EUR|424441.54|1|0|MERCHANT-33|20240007
9000000134|2024-09-22|ACCT-NO-100006|1003|201|3|FEE|MOBILE|7354.07|NOK|7354.07|0|0|MERCHANT-34|20240008
9000000135|2024-10-09|ACCT-NO-100006|1003|201|3|INTEREST|POS|2978.85|NOK|2978.85|0|0|MERCHANT-35|20240009
9000000136|2024-11-23|ACCT-NO-100006|1003|201|3|DEBIT|BRANCH|7603.63|NOK|7603.63|0|0|MERCHANT-36|20240010
9000000137|2024-12-10|ACCT-NO-100006|1003|201|3|CREDIT|ATM|188289.1|NOK|188289.1|0|0|MERCHANT-37|20240011
9000000138|2025-01-24|ACCT-NO-100006|1003|201|3|TRANSFER|ONLINE|7853.19|NOK|7853.19|0|0|MERCHANT-38|20240012
9000000139|2025-02-11|ACCT-NO-100006|1003|201|3|FEE|MOBILE|3477.97|NOK|3477.97|0|1|MERCHANT-39|20240013
9000000140|2025-03-25|ACCT-NO-100006|1003|201|3|INTEREST|POS|60789.98|EUR|699084.77|1|0|MERCHANT-40|20240014
9000000141|2025-04-12|ACCT-NO-100006|1003|201|3|DEBIT|BRANCH|3727.52|NOK|3727.52|0|0|MERCHANT-41|20240015
9000000142|2025-05-25|ACCT-NO-100006|1003|201|3|CREDIT|ATM|8352.3|NOK|8352.3|0|0|MERCHANT-42|20240016
9000000143|2025-06-12|ACCT-NO-100006|1003|201|3|TRANSFER|ONLINE|3977.08|NOK|3977.08|0|0|MERCHANT-43|20240017
9000000144|2025-07-26|ACCT-NO-100006|1003|201|3|FEE|MOBILE|8601.86|NOK|8601.86|0|0|MERCHANT-44|20240018
9000000145|2025-08-13|ACCT-NO-100006|1003|201|3|INTEREST|POS|4226.64|NOK|4226.64|0|0|MERCHANT-45|20240019
9000000146|2025-09-27|ACCT-NO-100006|1003|201|3|DEBIT|BRANCH|8851.42|NOK|8851.42|0|0|MERCHANT-46|20240020
9000000147|2025-10-14|ACCT-NO-100006|1003|201|3|CREDIT|ATM|44671.99|EUR|513727.88|1|0|MERCHANT-47|20240021
9000000148|2025-11-01|ACCT-NO-100006|1003|201|3|TRANSFER|ONLINE|101416.0|NOK|101416.0|0|0|MERCHANT-48|20240022
9000000149|2025-12-15|ACCT-NO-100006|1003|201|3|FEE|MOBILE|4725.76|NOK|4725.76|0|0|MERCHANT-49|20240023
9000000150|2024-01-01|ACCT-NO-100006|1003|201|3|INTEREST|POS|350.53|NOK|350.53|0|0|MERCHANT-00|20240000
9000000151|2024-01-15|ACCT-NO-100007|1003|201|6|DEBIT|BRANCH|236814.25|EUR|2723363.88|1|1|MERCHANT-01|20240000
9000000152|2024-02-02|ACCT-NO-100007|1003|201|6|CREDIT|ATM|600.09|NOK|600.09|0|0|MERCHANT-02|20240001
9000000153|2024-03-16|ACCT-NO-100007|1003|201|6|TRANSFER|ONLINE|5224.87|NOK|5224.87|0|0|MERCHANT-03|20240002
9000000154|2024-04-03|ACCT-NO-100007|1003|201|6|FEE|MOBILE|849.65|NOK|849.65|0|0|MERCHANT-04|20240003
9000000155|2024-05-17|ACCT-NO-100007|1003|201|6|INTEREST|POS|5474.43|NOK|5474.43|0|0|MERCHANT-05|20240004
9000000156|2024-06-04|ACCT-NO-100007|1003|201|6|DEBIT|BRANCH|1099.21|NOK|1099.21|0|0|MERCHANT-06|20240005
9000000157|2024-07-18|ACCT-NO-100007|1003|201|6|CREDIT|ATM|5723.99|NOK|5723.99|0|0|MERCHANT-07|20240006
9000000158|2024-08-04|ACCT-NO-100007|1003|201|6|TRANSFER|ONLINE|30772.29|EUR|353881.34|1|0|MERCHANT-08|20240007
9000000159|2024-09-18|ACCT-NO-100007|1003|201|6|FEE|MOBILE|5973.54|NOK|5973.54|0|0|MERCHANT-09|20240008
9000000160|2024-10-05|ACCT-NO-100007|1003|201|6|INTEREST|POS|1598.32|NOK|1598.32|0|0|MERCHANT-10|20240009
9000000161|2024-11-19|ACCT-NO-100007|1003|201|6|DEBIT|BRANCH|6223.1|NOK|6223.1|0|0|MERCHANT-11|20240010
9000000162|2024-12-06|ACCT-NO-100007|1003|201|6|CREDIT|ATM|149941.16|NOK|149941.16|0|0|MERCHANT-12|20240011
9000000163|2025-01-20|ACCT-NO-100007|1003|201|6|TRANSFER|ONLINE|6472.66|NOK|6472.66|0|0|MERCHANT-13|20240012
9000000164|2025-02-07|ACCT-NO-100007|1003|201|6|FEE|MOBILE|2097.44|NOK|2097.44|0|1|MERCHANT-14|20240013
9000000165|2025-03-21|ACCT-NO-100007|1003|201|6|INTEREST|POS|54654.3|EUR|628524.45|1|0|MERCHANT-15|20240014
9000000166|2025-04-07|ACCT-NO-100007|1003|201|6|DEBIT|BRANCH|2347.0|NOK|2347.0|0|0|MERCHANT-16|20240015
9000000167|2025-05-21|ACCT-NO-100007|1003|201|6|CREDIT|ATM|6971.78|NOK|6971.78|0|0|MERCHANT-17|20240016
9000000168|2025-06-08|ACCT-NO-100007|1003|201|6|TRANSFER|ONLINE|2596.56|NOK|2596.56|0|0|MERCHANT-18|20240017
9000000169|2025-07-22|ACCT-NO-100007|1003|201|6|FEE|MOBILE|7221.33|NOK|7221.33|0|0|MERCHANT-19|20240018
9000000170|2025-08-09|ACCT-NO-100007|1003|201|6|INTEREST|POS|2846.11|NOK|2846.11|0|0|MERCHANT-20|20240019
9000000171|2025-09-23|ACCT-NO-100007|1003|201|6|DEBIT|BRANCH|7470.89|NOK|7470.89|0|0|MERCHANT-21|20240020
9000000172|2025-10-10|ACCT-NO-100007|1003|201|6|CREDIT|ATM|38536.32|EUR|443167.68|1|0|MERCHANT-22|20240021
9000000173|2025-11-24|ACCT-NO-100007|1003|201|6|TRANSFER|ONLINE|313068.06|NOK|313068.06|0|0|MERCHANT-23|20240022
9000000174|2025-12-10|ACCT-NO-100007|1003|201|6|FEE|MOBILE|3345.23|NOK|3345.23|0|0|MERCHANT-24|20240023
9000000175|2024-01-24|ACCT-NO-100007|1003|201|6|INTEREST|POS|7970.01|NOK|7970.01|0|0|MERCHANT-25|20240000
9000000176|2024-01-11|ACCT-NO-100008|1004|301|1|DEBIT|BRANCH|198466.31|EUR|2282362.56|1|1|MERCHANT-26|20240000
9000000177|2024-02-25|ACCT-NO-100008|1004|301|1|CREDIT|ATM|8219.57|NOK|8219.57|0|0|MERCHANT-27|20240001
9000000178|2024-03-12|ACCT-NO-100008|1004|301|1|TRANSFER|ONLINE|3844.35|NOK|3844.35|0|0|MERCHANT-28|20240002
9000000179|2024-04-26|ACCT-NO-100008|1004|301|1|FEE|MOBILE|8469.12|NOK|8469.12|0|0|MERCHANT-29|20240003
9000000180|2024-05-13|ACCT-NO-100008|1004|301|1|INTEREST|POS|4093.9|NOK|4093.9|0|0|MERCHANT-30|20240004
9000000181|2024-06-27|ACCT-NO-100008|1004|301|1|DEBIT|BRANCH|8718.68|NOK|8718.68|0|0|MERCHANT-31|20240005
9000000182|2024-07-13|ACCT-NO-100008|1004|301|1|CREDIT|ATM|4343.46|NOK|4343.46|0|0|MERCHANT-32|20240006
9000000183|2024-08-27|ACCT-NO-100008|1004|301|1|TRANSFER|ONLINE|64636.62|EUR|743321.13|1|0|MERCHANT-33|20240007
9000000184|2024-09-14|ACCT-NO-100008|1004|301|1|FEE|MOBILE|4593.02|NOK|4593.02|0|0|MERCHANT-34|20240008
9000000185|2024-10-01|ACCT-NO-100008|1004|301|1|INTEREST|POS|217.8|NOK|217.8|0|0|MERCHANT-35|20240009
9000000186|2024-11-15|ACCT-NO-100008|1004|301|1|DEBIT|BRANCH|4842.58|NOK|4842.58|0|0|MERCHANT-36|20240010
9000000187|2024-12-02|ACCT-NO-100008|1004|301|1|CREDIT|ATM|111593.22|NOK|111593.22|0|0|MERCHANT-37|20240011
9000000188|2025-01-16|ACCT-NO-100008|1004|301|1|TRANSFER|ONLINE|5092.13|NOK|5092.13|0|0|MERCHANT-38|20240012
9000000189|2025-02-03|ACCT-NO-100008|1004|301|1|FEE|MOBILE|716.91|NOK|716.91|0|1|MERCHANT-39|20240013
9000000190|2025-03-16|ACCT-NO-100008|1004|301|1|INTEREST|POS|48518.63|EUR|557964.24|1|0|MERCHANT-40|20240014
9000000191|2025-04-03|ACCT-NO-100008|1004|301|1|DEBIT|BRANCH|966.47|NOK|966.47|0|0|MERCHANT-41|20240015
9000000192|2025-05-17|ACCT-NO-100008|1004|301|1|CREDIT|ATM|5591.25|NOK|5591.25|0|0|MERCHANT-42|20240016
9000000193|2025-06-04|ACCT-NO-100008|1004|301|1|TRANSFER|ONLINE|1216.03|NOK|1216.03|0|0|MERCHANT-43|20240017
9000000194|2025-07-18|ACCT-NO-100008|1004|301|1|FEE|MOBILE|5840.81|NOK|5840.81|0|0|MERCHANT-44|20240018
9000000195|2025-08-05|ACCT-NO-100008|1004|301|1|INTEREST|POS|1465.59|NOK|1465.59|0|0|MERCHANT-45|20240019
9000000196|2025-09-19|ACCT-NO-100008|1004|301|1|DEBIT|BRANCH|6090.37|NOK|6090.37|0|0|MERCHANT-46|20240020
9000000197|2025-10-05|ACCT-NO-100008|1004|301|1|CREDIT|ATM|32400.65|EUR|372607.48|1|0|MERCHANT-47|20240021
9000000198|2025-11-19|ACCT-NO-100008|1004|301|1|TRANSFER|ONLINE|274720.12|NOK|274720.12|0|0|MERCHANT-48|20240022
9000000199|2025-12-06|ACCT-NO-100008|1004|301|1|FEE|MOBILE|1964.7|NOK|1964.7|0|0|MERCHANT-49|20240023
9000000200|2024-01-20|ACCT-NO-100008|1004|301|1|INTEREST|POS|6589.48|NOK|6589.48|0|0|MERCHANT-00|20240000
9000000201|2024-01-07|ACCT-NO-100009|1005|401|1|DEBIT|BRANCH|160118.37|EUR|1841361.25|1|1|MERCHANT-01|20240000
9000000202|2024-02-21|ACCT-NO-100009|1005|401|1|CREDIT|ATM|6839.04|NOK|6839.04|0|0|MERCHANT-02|20240001
9000000203|2024-03-08|ACCT-NO-100009|1005|401|1|TRANSFER|ONLINE|2463.82|NOK|2463.82|0|0|MERCHANT-03|20240002
9000000204|2024-04-22|ACCT-NO-100009|1005|401|1|FEE|MOBILE|7088.6|NOK|7088.6|0|0|MERCHANT-04|20240003
9000000205|2024-05-08|ACCT-NO-100009|1005|401|1|INTEREST|POS|2713.38|NOK|2713.38|0|0|MERCHANT-05|20240004
9000000206|2024-06-22|ACCT-NO-100009|1005|401|1|DEBIT|BRANCH|7338.16|NOK|7338.16|0|0|MERCHANT-06|20240005
9000000207|2024-07-09|ACCT-NO-100009|1005|401|1|CREDIT|ATM|2962.94|NOK|2962.94|0|0|MERCHANT-07|20240006
9000000208|2024-08-23|ACCT-NO-100009|1005|401|1|TRANSFER|ONLINE|58500.95|EUR|672760.92|1|0|MERCHANT-08|20240007
9000000209|2024-09-10|ACCT-NO-100009|1005|401|1|FEE|MOBILE|3212.49|NOK|3212.49|0|0|MERCHANT-09|20240008
9000000210|2024-10-24|ACCT-NO-100009|1005|401|1|INTEREST|POS|7837.27|NOK|7837.27|0|0|MERCHANT-10|20240009
9000000211|2024-11-11|ACCT-NO-100009|1005|401|1|DEBIT|BRANCH|3462.05|NOK|3462.05|0|0|MERCHANT-11|20240010
9000000212|2024-12-25|ACCT-NO-100009|1005|401|1|CREDIT|ATM|323245.28|NOK|323245.28|0|0|MERCHANT-12|20240011
9000000213|2025-01-11|ACCT-NO-100009|1005|401|1|TRANSFER|ONLINE|3711.61|NOK|3711.61|0|0|MERCHANT-13|20240012
9000000214|2025-02-25|ACCT-NO-100009|1005|401|1|FEE|MOBILE|8336.39|NOK|8336.39|0|1|MERCHANT-14|20240013
9000000215|2025-03-12|ACCT-NO-100009|1005|401|1|INTEREST|POS|42382.96|EUR|487404.04|1|0|MERCHANT-15|20240014
9000000216|2025-04-26|ACCT-NO-100009|1005|401|1|DEBIT|BRANCH|8585.95|NOK|8585.95|0|0|MERCHANT-16|20240015
9000000217|2025-05-13|ACCT-NO-100009|1005|401|1|CREDIT|ATM|4210.72|NOK|4210.72|0|0|MERCHANT-17|20240016
9000000218|2025-06-27|ACCT-NO-100009|1005|401|1|TRANSFER|ONLINE|8835.5|NOK|8835.5|0|0|MERCHANT-18|20240017
9000000219|2025-07-14|ACCT-NO-100009|1005|401|1|FEE|MOBILE|4460.28|NOK|4460.28|0|0|MERCHANT-19|20240018
9000000220|2025-08-01|ACCT-NO-100009|1005|401|1|INTEREST|POS|85.06|NOK|85.06|0|0|MERCHANT-20|20240019
9000000221|2025-09-14|ACCT-NO-100009|1005|401|1|DEBIT|BRANCH|4709.84|NOK|4709.84|0|0|MERCHANT-21|20240020
9000000222|2025-10-01|ACCT-NO-100009|1005|401|1|CREDIT|ATM|26264.98|EUR|302047.27|1|0|MERCHANT-22|20240021
9000000223|2025-11-15|ACCT-NO-100009|1005|401|1|TRANSFER|ONLINE|236372.18|NOK|236372.18|0|0|MERCHANT-23|20240022
9000000224|2025-12-02|ACCT-NO-100009|1005|401|1|FEE|MOBILE|584.18|NOK|584.18|0|0|MERCHANT-24|20240023
9000000225|2024-01-16|ACCT-NO-100009|1005|401|1|INTEREST|POS|5208.96|NOK|5208.96|0|0|MERCHANT-25|20240000
9000000226|2024-01-03|ACCT-NO-100010|1005|401|2|DEBIT|BRANCH|121770.43|EUR|1400359.94|1|1|MERCHANT-26|20240000
9000000227|2024-02-17|ACCT-NO-100010|1005|401|2|CREDIT|ATM|5458.51|NOK|5458.51|0|0|MERCHANT-27|20240001
9000000228|2024-03-04|ACCT-NO-100010|1005|401|2|TRANSFER|ONLINE|1083.29|NOK|1083.29|0|0|MERCHANT-28|20240002
9000000229|2024-04-17|ACCT-NO-100010|1005|401|2|FEE|MOBILE|5708.07|NOK|5708.07|0|0|MERCHANT-29|20240003
9000000230|2024-05-04|ACCT-NO-100010|1005|401|2|INTEREST|POS|1332.85|NOK|1332.85|0|0|MERCHANT-30|20240004
9000000231|2024-06-18|ACCT-NO-100010|1005|401|2|DEBIT|BRANCH|5957.63|NOK|5957.63|0|0|MERCHANT-31|20240005
9000000232|2024-07-05|ACCT-NO-100010|1005|401|2|CREDIT|ATM|1582.41|NOK|1582.41|0|0|MERCHANT-32|20240006
9000000233|2024-08-19|ACCT-NO-100010|1005|401|2|TRANSFER|ONLINE|52365.28|EUR|602200.72|1|0|MERCHANT-33|20240007
9000000234|2024-09-06|ACCT-NO-100010|1005|401|2|FEE|MOBILE|1831.97|NOK|1831.97|0|0|MERCHANT-34|20240008
9000000235|2024-10-20|ACCT-NO-100010|1005|401|2|INTEREST|POS|6456.75|NOK|6456.75|0|0|MERCHANT-35|20240009
9000000236|2024-11-07|ACCT-NO-100010|1005|401|2|DEBIT|BRANCH|2081.53|NOK|2081.53|0|0|MERCHANT-36|20240010
9000000237|2024-12-20|ACCT-NO-100010|1005|401|2|CREDIT|ATM|284897.34|NOK|284897.34|0|0|MERCHANT-37|20240011
9000000238|2025-01-07|ACCT-NO-100010|1005|401|2|TRANSFER|ONLINE|2331.08|NOK|2331.08|0|0|MERCHANT-38|20240012
9000000239|2025-02-21|ACCT-NO-100010|1005|401|2|FEE|MOBILE|6955.86|NOK|6955.86|0|1|MERCHANT-39|20240013
9000000240|2025-03-08|ACCT-NO-100010|1005|401|2|INTEREST|POS|36247.29|EUR|416843.84|1|0|MERCHANT-40|20240014
9000000241|2025-04-22|ACCT-NO-100010|1005|401|2|DEBIT|BRANCH|7205.42|NOK|7205.42|0|0|MERCHANT-41|20240015
9000000242|2025-05-09|ACCT-NO-100010|1005|401|2|CREDIT|ATM|2830.2|NOK|2830.2|0|0|MERCHANT-42|20240016
9000000243|2025-06-23|ACCT-NO-100010|1005|401|2|TRANSFER|ONLINE|7454.98|NOK|7454.98|0|0|MERCHANT-43|20240017
9000000244|2025-07-10|ACCT-NO-100010|1005|401|2|FEE|MOBILE|3079.76|NOK|3079.76|0|0|MERCHANT-44|20240018
9000000245|2025-08-23|ACCT-NO-100010|1005|401|2|INTEREST|POS|7704.54|NOK|7704.54|0|0|MERCHANT-45|20240019
9000000246|2025-09-10|ACCT-NO-100010|1005|401|2|DEBIT|BRANCH|3329.31|NOK|3329.31|0|0|MERCHANT-46|20240020
9000000247|2025-10-24|ACCT-NO-100010|1005|401|2|CREDIT|ATM|60129.31|EUR|691487.06|1|0|MERCHANT-47|20240021
9000000248|2025-11-11|ACCT-NO-100010|1005|401|2|TRANSFER|ONLINE|198024.24|NOK|198024.24|0|0|MERCHANT-48|20240022
9000000249|2025-12-25|ACCT-NO-100010|1005|401|2|FEE|MOBILE|8203.65|NOK|8203.65|0|0|MERCHANT-49|20240023
9000000250|2024-01-12|ACCT-NO-100010|1005|401|2|INTEREST|POS|3828.43|NOK|3828.43|0|0|MERCHANT-00|20240000
9000000251|2024-01-26|ACCT-NO-100011|1006|202|1|DEBIT|BRANCH|333422.49|EUR|3834358.63|1|1|MERCHANT-01|20240000
9000000252|2024-02-13|ACCT-NO-100011|1006|202|1|CREDIT|ATM|4077.99|NOK|4077.99|0|0|MERCHANT-02|20240001
9000000253|2024-03-26|ACCT-NO-100011|1006|202|1|TRANSFER|ONLINE|8702.77|NOK|8702.77|0|0|MERCHANT-03|20240002
9000000254|2024-04-13|ACCT-NO-100011|1006|202|1|FEE|MOBILE|4327.55|NOK|4327.55|0|0|MERCHANT-04|20240003
9000000255|2024-05-27|ACCT-NO-100011|1006|202|1|INTEREST|POS|8952.33|NOK|8952.33|0|0|MERCHANT-05|20240004
9000000256|2024-06-14|ACCT-NO-100011|1006|202|1|DEBIT|BRANCH|4577.1|NOK|4577.1|0|0|MERCHANT-06|20240005
9000000257|2024-07-01|ACCT-NO-100011|1006|202|1|CREDIT|ATM|201.88|NOK|201.88|0|0|MERCHANT-07|20240006
9000000258|2024-08-15|ACCT-NO-100011|1006|202|1|TRANSFER|ONLINE|46229.61|EUR|531640.52|1|0|MERCHANT-08|20240007
9000000259|2024-09-02|ACCT-NO-100011|1006|202|1|FEE|MOBILE|451.44|NOK|451.44|0|0|MERCHANT-09|20240008
9000000260|2024-10-16|ACCT-NO-100011|1006|202|1|INTEREST|POS|5076.22|NOK|5076.22|0|0|MERCHANT-10|20240009
9000000261|2024-11-02|ACCT-NO-100011|1006|202|1|DEBIT|BRANCH|701.0|NOK|701.0|0|0|MERCHANT-11|20240010
9000000262|2024-12-16|ACCT-NO-100011|1006|202|1|CREDIT|ATM|246549.4|NOK|246549.4|0|0|MERCHANT-12|20240011
9000000263|2025-01-03|ACCT-NO-100011|1006|202|1|TRANSFER|ONLINE|950.56|NOK|950.56|0|0|MERCHANT-13|20240012
9000000264|2025-02-17|ACCT-NO-100011|1006|202|1|FEE|MOBILE|5575.34|NOK|5575.34|0|1|MERCHANT-14|20240013
9000000265|2025-03-04|ACCT-NO-100011|1006|202|1|INTEREST|POS|30111.62|EUR|346283.63|1|0|MERCHANT-15|20240014
9000000266|2025-04-18|ACCT-NO-100011|1006|202|1|DEBIT|BRANCH|5824.89|NOK|5824.89|0|0|MERCHANT-16|20240015
9000000267|2025-05-05|ACCT-NO-100011|1006|202|1|CREDIT|ATM|1449.67|NOK|1449.67|0|0|MERCHANT-17|20240016
9000000268|2025-06-19|ACCT-NO-100011|1006|202|1|TRANSFER|ONLINE|6074.45|NOK|6074.45|0|0|MERCHANT-18|20240017
9000000269|2025-07-05|ACCT-NO-100011|1006|202|1|FEE|MOBILE|1699.23|NOK|1699.23|0|0|MERCHANT-19|20240018
9000000270|2025-08-19|ACCT-NO-100011|1006|202|1|INTEREST|POS|6324.01|NOK|6324.01|0|0|MERCHANT-20|20240019
9000000271|2025-09-06|ACCT-NO-100011|1006|202|1|DEBIT|BRANCH|1948.79|NOK|1948.79|0|0|MERCHANT-21|20240020
9000000272|2025-10-20|ACCT-NO-100011|1006|202|1|CREDIT|ATM|53993.64|EUR|620926.86|1|0|MERCHANT-22|20240021
9000000273|2025-11-07|ACCT-NO-100011|1006|202|1|TRANSFER|ONLINE|159676.3|NOK|159676.3|0|0|MERCHANT-23|20240022
9000000274|2025-12-21|ACCT-NO-100011|1006|202|1|FEE|MOBILE|6823.13|NOK|6823.13|0|0|MERCHANT-24|20240023
9000000275|2024-01-08|ACCT-NO-100011|1006|202|1|INTEREST|POS|2447.9|NOK|2447.9|0|0|MERCHANT-25|20240000
9000000276|2024-01-22|ACCT-NO-100012|1006|202|4|DEBIT|BRANCH|295074.55|EUR|3393357.32|1|1|MERCHANT-26|20240000
9000000277|2024-02-08|ACCT-NO-100012|1006|202|4|CREDIT|ATM|2697.46|NOK|2697.46|0|0|MERCHANT-27|20240001
9000000278|2024-03-22|ACCT-NO-100012|1006|202|4|TRANSFER|ONLINE|7322.24|NOK|7322.24|0|0|MERCHANT-28|20240002
9000000279|2024-04-09|ACCT-NO-100012|1006|202|4|FEE|MOBILE|2947.02|NOK|2947.02|0|0|MERCHANT-29|20240003
9000000280|2024-05-23|ACCT-NO-100012|1006|202|4|INTEREST|POS|7571.8|NOK|7571.8|0|0|MERCHANT-30|20240004
9000000281|2024-06-10|ACCT-NO-100012|1006|202|4|DEBIT|BRANCH|3196.58|NOK|3196.58|0|0|MERCHANT-31|20240005
9000000282|2024-07-24|ACCT-NO-100012|1006|202|4|CREDIT|ATM|7821.36|NOK|7821.36|0|0|MERCHANT-32|20240006
9000000283|2024-08-11|ACCT-NO-100012|1006|202|4|TRANSFER|ONLINE|40093.94|EUR|461080.31|1|0|MERCHANT-33|20240007
9000000284|2024-09-25|ACCT-NO-100012|1006|202|4|FEE|MOBILE|8070.92|NOK|8070.92|0|0|MERCHANT-34|20240008
9000000285|2024-10-11|ACCT-NO-100012|1006|202|4|INTEREST|POS|3695.69|NOK|3695.69|0|0|MERCHANT-35|20240009
9000000286|2024-11-25|ACCT-NO-100012|1006|202|4|DEBIT|BRANCH|8320.47|NOK|8320.47|0|0|MERCHANT-36|20240010
9000000287|2024-12-12|ACCT-NO-100012|1006|202|4|CREDIT|ATM|208201.46|NOK|208201.46|0|0|MERCHANT-37|20240011
9000000288|2025-01-26|ACCT-NO-100012|1006|202|4|TRANSFER|ONLINE|8570.03|NOK|8570.03|0|0|MERCHANT-38|20240012
9000000289|2025-02-13|ACCT-NO-100012|1006|202|4|FEE|MOBILE|4194.81|NOK|4194.81|0|1|MERCHANT-39|20240013
9000000290|2025-03-27|ACCT-NO-100012|1006|202|4|INTEREST|POS|63975.95|EUR|735723.42|1|0|MERCHANT-40|20240014
9000000291|2025-04-14|ACCT-NO-100012|1006|202|4|DEBIT|BRANCH|4444.37|NOK|4444.37|0|0|MERCHANT-41|20240015
9000000292|2025-05-01|ACCT-NO-100012|1006|202|4|CREDIT|ATM|69.15|NOK|69.15|0|0|MERCHANT-42|20240016
9000000293|2025-06-14|ACCT-NO-100012|1006|202|4|TRANSFER|ONLINE|4693.93|NOK|4693.93|0|0|MERCHANT-43|20240017
9000000294|2025-07-01|ACCT-NO-100012|1006|202|4|FEE|MOBILE|318.71|NOK|318.71|0|0|MERCHANT-44|20240018
9000000295|2025-08-15|ACCT-NO-100012|1006|202|4|INTEREST|POS|4943.48|NOK|4943.48|0|0|MERCHANT-45|20240019
9000000296|2025-09-02|ACCT-NO-100012|1006|202|4|DEBIT|BRANCH|568.26|NOK|568.26|0|0|MERCHANT-46|20240020
9000000297|2025-10-16|ACCT-NO-100012|1006|202|4|CREDIT|ATM|47857.96|EUR|550366.54|1|0|MERCHANT-47|20240021
9000000298|2025-11-03|ACCT-NO-100012|1006|202|4|TRANSFER|ONLINE|121328.36|NOK|121328.36|0|0|MERCHANT-48|20240022
9000000299|2025-12-17|ACCT-NO-100012|1006|202|4|FEE|MOBILE|5442.6|NOK|5442.6|0|0|MERCHANT-49|20240023
9000000300|2024-01-04|ACCT-NO-100012|1006|202|4|INTEREST|POS|1067.38|NOK|1067.38|0|0|MERCHANT-00|20240000
9000000301|2024-01-17|ACCT-NO-100013|1006|202|7|DEBIT|BRANCH|256726.61|EUR|2952356.01|1|1|MERCHANT-01|20240000
9000000302|2024-02-04|ACCT-NO-100013|1006|202|7|CREDIT|ATM|1316.94|NOK|1316.94|0|0|MERCHANT-02|20240001
9000000303|2024-03-18|ACCT-NO-100013|1006|202|7|TRANSFER|ONLINE|5941.72|NOK|5941.72|0|0|MERCHANT-03|20240002
9000000304|2024-04-05|ACCT-NO-100013|1006|202|7|FEE|MOBILE|1566.49|NOK|1566.49|0|0|MERCHANT-04|20240003
9000000305|2024-05-19|ACCT-NO-100013|1006|202|7|INTEREST|POS|6191.27|NOK|6191.27|0|0|MERCHANT-05|20240004
9000000306|2024-06-06|ACCT-NO-100013|1006|202|7|DEBIT|BRANCH|1816.05|NOK|1816.05|0|0|MERCHANT-06|20240005
9000000307|2024-07-20|ACCT-NO-100013|1006|202|7|CREDIT|ATM|6440.83|NOK|6440.83|0|0|MERCHANT-07|20240006
9000000308|2024-08-07|ACCT-NO-100013|1006|202|7|TRANSFER|ONLINE|33958.27|EUR|390520.1|1|0|MERCHANT-08|20240007
9000000309|2024-09-20|ACCT-NO-100013|1006|202|7|FEE|MOBILE|6690.39|NOK|6690.39|0|0|MERCHANT-09|20240008
9000000310|2024-10-07|ACCT-NO-100013|1006|202|7|INTEREST|POS|2315.17|NOK|2315.17|0|0|MERCHANT-10|20240009
9000000311|2024-11-21|ACCT-NO-100013|1006|202|7|DEBIT|BRANCH|6939.95|NOK|6939.95|0|0|MERCHANT-11|20240010
9000000312|2024-12-08|ACCT-NO-100013|1006|202|7|CREDIT|ATM|169853.52|NOK|169853.52|0|0|MERCHANT-12|20240011
9000000313|2025-01-22|ACCT-NO-100013|1006|202|7|TRANSFER|ONLINE|7189.51|NOK|7189.51|0|0|MERCHANT-13|20240012
9000000314|2025-02-09|ACCT-NO-100013|1006|202|7|FEE|MOBILE|2814.28|NOK|2814.28|0|1|MERCHANT-14|20240013
9000000315|2025-03-23|ACCT-NO-100013|1006|202|7|INTEREST|POS|57840.28|EUR|665163.22|1|0|MERCHANT-15|20240014
9000000316|2025-04-10|ACCT-NO-100013|1006|202|7|DEBIT|BRANCH|3063.84|NOK|3063.84|0|0|MERCHANT-16|20240015
9000000317|2025-05-23|ACCT-NO-100013|1006|202|7|CREDIT|ATM|7688.62|NOK|7688.62|0|0|MERCHANT-17|20240016
9000000318|2025-06-10|ACCT-NO-100013|1006|202|7|TRANSFER|ONLINE|3313.4|NOK|3313.4|0|0|MERCHANT-18|20240017
9000000319|2025-07-24|ACCT-NO-100013|1006|202|7|FEE|MOBILE|7938.18|NOK|7938.18|0|0|MERCHANT-19|20240018
9000000320|2025-08-11|ACCT-NO-100013|1006|202|7|INTEREST|POS|3562.96|NOK|3562.96|0|0|MERCHANT-20|20240019
9000000321|2025-09-25|ACCT-NO-100013|1006|202|7|DEBIT|BRANCH|8187.74|NOK|8187.74|0|0|MERCHANT-21|20240020
9000000322|2025-10-12|ACCT-NO-100013|1006|202|7|CREDIT|ATM|41722.29|EUR|479806.34|1|0|MERCHANT-22|20240021
9000000323|2025-11-26|ACCT-NO-100013|1006|202|7|TRANSFER|ONLINE|332980.42|NOK|332980.42|0|0|MERCHANT-23|20240022
9000000324|2025-12-13|ACCT-NO-100013|1006|202|7|FEE|MOBILE|4062.07|NOK|4062.07|0|0|MERCHANT-24|20240023
9000000325|2024-01-26|ACCT-NO-100013|1006|202|7|INTEREST|POS|8686.85|NOK|8686.85|0|0|MERCHANT-25|20240000
9000000326|2024-01-13|ACCT-NO-100014|1007|203|8|DEBIT|BRANCH|218378.67|EUR|2511354.71|1|1|MERCHANT-26|20240000
9000000327|2024-02-27|ACCT-NO-100014|1007|203|8|CREDIT|ATM|8936.41|NOK|8936.41|0|0|MERCHANT-27|20240001
9000000328|2024-03-14|ACCT-NO-100014|1007|203|8|TRANSFER|ONLINE|4561.19|NOK|4561.19|0|0|MERCHANT-28|20240002
9000000329|2024-04-01|ACCT-NO-100014|1007|203|8|FEE|MOBILE|185.97|NOK|185.97|0|0|MERCHANT-29|20240003
9000000330|2024-05-15|ACCT-NO-100014|1007|203|8|INTEREST|POS|4810.75|NOK|4810.75|0|0|MERCHANT-30|20240004
9000000331|2024-06-02|ACCT-NO-100014|1007|203|8|DEBIT|BRANCH|435.53|NOK|435.53|0|0|MERCHANT-31|20240005
9000000332|2024-07-16|ACCT-NO-100014|1007|203|8|CREDIT|ATM|5060.31|NOK|5060.31|0|0|MERCHANT-32|20240006
9000000333|2024-08-02|ACCT-NO-100014|1007|203|8|TRANSFER|ONLINE|27822.6|EUR|319959.9|1|0|MERCHANT-33|20240007
9000000334|2024-09-16|ACCT-NO-100014|1007|203|8|FEE|MOBILE|5309.86|NOK|5309.86|0|0|MERCHANT-34|20240008
9000000335|2024-10-03|ACCT-NO-100014|1007|203|8|INTEREST|POS|934.64|NOK|934.64|0|0|MERCHANT-35|20240009
9000000336|2024-11-17|ACCT-NO-100014|1007|203|8|DEBIT|BRANCH|5559.42|NOK|5559.42|0|0|MERCHANT-36|20240010
9000000337|2024-12-04|ACCT-NO-100014|1007|203|8|CREDIT|ATM|131505.58|NOK|131505.58|0|0|MERCHANT-37|20240011
9000000338|2025-01-18|ACCT-NO-100014|1007|203|8|TRANSFER|ONLINE|5808.98|NOK|5808.98|0|0|MERCHANT-38|20240012
9000000339|2025-02-05|ACCT-NO-100014|1007|203|8|FEE|MOBILE|1433.76|NOK|1433.76|0|1|MERCHANT-39|20240013
9000000340|2025-03-19|ACCT-NO-100014|1007|203|8|INTEREST|POS|51704.61|EUR|594603.02|1|0|MERCHANT-40|20240014
9000000341|2025-04-05|ACCT-NO-100014|1007|203|8|DEBIT|BRANCH|1683.32|NOK|1683.32|0|0|MERCHANT-41|20240015
9000000342|2025-05-19|ACCT-NO-100014|1007|203|8|CREDIT|ATM|6308.1|NOK|6308.1|0|0|MERCHANT-42|20240016
9000000343|2025-06-06|ACCT-NO-100014|1007|203|8|TRANSFER|ONLINE|1932.87|NOK|1932.87|0|0|MERCHANT-43|20240017
9000000344|2025-07-20|ACCT-NO-100014|1007|203|8|FEE|MOBILE|6557.65|NOK|6557.65|0|0|MERCHANT-44|20240018
9000000345|2025-08-07|ACCT-NO-100014|1007|203|8|INTEREST|POS|2182.43|NOK|2182.43|0|0|MERCHANT-45|20240019
9000000346|2025-09-21|ACCT-NO-100014|1007|203|8|DEBIT|BRANCH|6807.21|NOK|6807.21|0|0|MERCHANT-46|20240020
9000000347|2025-10-08|ACCT-NO-100014|1007|203|8|CREDIT|ATM|35586.62|EUR|409246.13|1|0|MERCHANT-47|20240021
9000000348|2025-11-22|ACCT-NO-100014|1007|203|8|TRANSFER|ONLINE|294632.48|NOK|294632.48|0|0|MERCHANT-48|20240022
9000000349|2025-12-08|ACCT-NO-100014|1007|203|8|FEE|MOBILE|2681.55|NOK|2681.55|0|0|MERCHANT-49|20240023
9000000350|2024-01-22|ACCT-NO-100014|1007|203|8|INTEREST|POS|7306.33|NOK|7306.33|0|0|MERCHANT-00|20240000
9000000351|2024-01-09|ACCT-NO-100015|1007|203|9|DEBIT|BRANCH|180030.73|EUR|2070353.4|1|1|MERCHANT-01|20240000
9000000352|2024-02-23|ACCT-NO-100015|1007|203|9|CREDIT|ATM|7555.89|NOK|7555.89|0|0|MERCHANT-02|20240001
9000000353|2024-03-10|ACCT-NO-100015|1007|203|9|TRANSFER|ONLINE|3180.66|NOK|3180.66|0|0|MERCHANT-03|20240002
9000000354|2024-04-24|ACCT-NO-100015|1007|203|9|FEE|MOBILE|7805.44|NOK|7805.44|0|0|MERCHANT-04|20240003
9000000355|2024-05-11|ACCT-NO-100015|1007|203|9|INTEREST|POS|3430.22|NOK|3430.22|0|0|MERCHANT-05|20240004
9000000356|2024-06-25|ACCT-NO-100015|1007|203|9|DEBIT|BRANCH|8055.0|NOK|8055.0|0|0|MERCHANT-06|20240005
9000000357|2024-07-11|ACCT-NO-100015|1007|203|9|CREDIT|ATM|3679.78|NOK|3679.78|0|0|MERCHANT-07|20240006
9000000358|2024-08-25|ACCT-NO-100015|1007|203|9|TRANSFER|ONLINE|61686.93|EUR|709399.69|1|0|MERCHANT-08|20240007
9000000359|2024-09-12|ACCT-NO-100015|1007|203|9|FEE|MOBILE|3929.34|NOK|3929.34|0|0|MERCHANT-09|20240008
9000000360|2024-10-26|ACCT-NO-100015|1007|203|9|INTEREST|POS|8554.12|NOK|8554.12|0|0|MERCHANT-10|20240009
9000000361|2024-11-13|ACCT-NO-100015|1007|203|9|DEBIT|BRANCH|4178.9|NOK|4178.9|0|0|MERCHANT-11|20240010
9000000362|2024-12-27|ACCT-NO-100015|1007|203|9|CREDIT|ATM|343157.64|NOK|343157.64|0|0|MERCHANT-12|20240011
9000000363|2025-01-14|ACCT-NO-100015|1007|203|9|TRANSFER|ONLINE|4428.45|NOK|4428.45|0|0|MERCHANT-13|20240012
9000000364|2025-02-01|ACCT-NO-100015|1007|203|9|FEE|MOBILE|53.23|NOK|53.23|0|1|MERCHANT-14|20240013
9000000365|2025-03-14|ACCT-NO-100015|1007|203|9|INTEREST|POS|45568.94|EUR|524042.81|1|0|MERCHANT-15|20240014
9000000366|2025-04-01|ACCT-NO-100015|1007|203|9|DEBIT|BRANCH|302.79|NOK|302.79|0|0|MERCHANT-16|20240015
9000000367|2025-05-15|ACCT-NO-100015|1007|203|9|CREDIT|ATM|4927.57|NOK|4927.57|0|0|MERCHANT-17|20240016
9000000368|2025-06-02|ACCT-NO-100015|1007|203|9|TRANSFER|ONLINE|552.35|NOK|552.35|0|0|MERCHANT-18|20240017
9000000369|2025-07-16|ACCT-NO-100015|1007|203|9|FEE|MOBILE|5177.13|NOK|5177.13|0|0|MERCHANT-19|20240018
9000000370|2025-08-03|ACCT-NO-100015|1007|203|9|INTEREST|POS|801.91|NOK|801.91|0|0|MERCHANT-20|20240019
9000000371|2025-09-17|ACCT-NO-100015|1007|203|9|DEBIT|BRANCH|5426.69|NOK|5426.69|0|0|MERCHANT-21|20240020
9000000372|2025-10-04|ACCT-NO-100015|1007|203|9|CREDIT|ATM|29450.95|EUR|338685.92|1|0|MERCHANT-22|20240021
9000000373|2025-11-17|ACCT-NO-100015|1007|203|9|TRANSFER|ONLINE|256284.54|NOK|256284.54|0|0|MERCHANT-23|20240022
9000000374|2025-12-04|ACCT-NO-100015|1007|203|9|FEE|MOBILE|1301.02|NOK|1301.02|0|0|MERCHANT-24|20240023
9000000375|2024-01-18|ACCT-NO-100015|1007|203|9|INTEREST|POS|5925.8|NOK|5925.8|0|0|MERCHANT-25|20240000
9000000376|2024-01-05|ACCT-NO-100016|1008|302|1|DEBIT|BRANCH|141682.79|EUR|1629352.09|1|1|MERCHANT-26|20240000
9000000377|2024-02-19|ACCT-NO-100016|1008|302|1|CREDIT|ATM|6175.36|NOK|6175.36|0|0|MERCHANT-27|20240001
9000000378|2024-03-06|ACCT-NO-100016|1008|302|1|TRANSFER|ONLINE|1800.14|NOK|1800.14|0|0|MERCHANT-28|20240002
9000000379|2024-04-20|ACCT-NO-100016|1008|302|1|FEE|MOBILE|6424.92|NOK|6424.92|0|0|MERCHANT-29|20240003
9000000380|2024-05-06|ACCT-NO-100016|1008|302|1|INTEREST|POS|2049.7|NOK|2049.7|0|0|MERCHANT-30|20240004
9000000381|2024-06-20|ACCT-NO-100016|1008|302|1|DEBIT|BRANCH|6674.48|NOK|6674.48|0|0|MERCHANT-31|20240005
9000000382|2024-07-07|ACCT-NO-100016|1008|302|1|CREDIT|ATM|2299.25|NOK|2299.25|0|0|MERCHANT-32|20240006
9000000383|2024-08-21|ACCT-NO-100016|1008|302|1|TRANSFER|ONLINE|55551.26|EUR|638839.49|1|0|MERCHANT-33|20240007
9000000384|2024-09-08|ACCT-NO-100016|1008|302|1|FEE|MOBILE|2548.81|NOK|2548.81|0|0|MERCHANT-34|20240008
9000000385|2024-10-22|ACCT-NO-100016|1008|302|1|INTEREST|POS|7173.59|NOK|7173.59|0|0|MERCHANT-35|20240009
9000000386|2024-11-09|ACCT-NO-100016|1008|302|1|DEBIT|BRANCH|2798.37|NOK|2798.37|0|0|MERCHANT-36|20240010
9000000387|2024-12-23|ACCT-NO-100016|1008|302|1|CREDIT|ATM|304809.7|NOK|304809.7|0|0|MERCHANT-37|20240011
9000000388|2025-01-09|ACCT-NO-100016|1008|302|1|TRANSFER|ONLINE|3047.93|NOK|3047.93|0|0|MERCHANT-38|20240012
9000000389|2025-02-23|ACCT-NO-100016|1008|302|1|FEE|MOBILE|7672.71|NOK|7672.71|0|1|MERCHANT-39|20240013
9000000390|2025-03-10|ACCT-NO-100016|1008|302|1|INTEREST|POS|39433.27|EUR|453482.6|1|0|MERCHANT-40|20240014
9000000391|2025-04-24|ACCT-NO-100016|1008|302|1|DEBIT|BRANCH|7922.26|NOK|7922.26|0|0|MERCHANT-41|20240015
9000000392|2025-05-11|ACCT-NO-100016|1008|302|1|CREDIT|ATM|3547.04|NOK|3547.04|0|0|MERCHANT-42|20240016
9000000393|2025-06-25|ACCT-NO-100016|1008|302|1|TRANSFER|ONLINE|8171.82|NOK|8171.82|0|0|MERCHANT-43|20240017
9000000394|2025-07-12|ACCT-NO-100016|1008|302|1|FEE|MOBILE|3796.6|NOK|3796.6|0|0|MERCHANT-44|20240018
9000000395|2025-08-26|ACCT-NO-100016|1008|302|1|INTEREST|POS|8421.38|NOK|8421.38|0|0|MERCHANT-45|20240019
9000000396|2025-09-12|ACCT-NO-100016|1008|302|1|DEBIT|BRANCH|4046.16|NOK|4046.16|0|0|MERCHANT-46|20240020
9000000397|2025-10-26|ACCT-NO-100016|1008|302|1|CREDIT|ATM|63315.28|EUR|728125.72|1|0|MERCHANT-47|20240021
9000000398|2025-11-13|ACCT-NO-100016|1008|302|1|TRANSFER|ONLINE|217936.6|NOK|217936.6|0|0|MERCHANT-48|20240022
9000000399|2025-12-27|ACCT-NO-100016|1008|302|1|FEE|MOBILE|8920.5|NOK|8920.5|0|0|MERCHANT-49|20240023
9000000400|2024-01-14|ACCT-NO-100016|1008|302|1|INTEREST|POS|4545.28|NOK|4545.28|0|0|MERCHANT-00|20240000
9000000401|2024-01-01|ACCT-NO-100017|1009|103|1|DEBIT|BRANCH|103334.85|EUR|1188350.78|1|1|MERCHANT-01|20240000
9000000402|2024-02-15|ACCT-NO-100017|1009|103|1|CREDIT|ATM|4794.83|NOK|4794.83|0|0|MERCHANT-02|20240001
9000000403|2024-03-02|ACCT-NO-100017|1009|103|1|TRANSFER|ONLINE|419.61|NOK|419.61|0|0|MERCHANT-03|20240002
9000000404|2024-04-15|ACCT-NO-100017|1009|103|1|FEE|MOBILE|5044.39|NOK|5044.39|0|0|MERCHANT-04|20240003
9000000405|2024-05-02|ACCT-NO-100017|1009|103|1|INTEREST|POS|669.17|NOK|669.17|0|0|MERCHANT-05|20240004
9000000406|2024-06-16|ACCT-NO-100017|1009|103|1|DEBIT|BRANCH|5293.95|NOK|5293.95|0|0|MERCHANT-06|20240005
9000000407|2024-07-03|ACCT-NO-100017|1009|103|1|CREDIT|ATM|918.73|NOK|918.73|0|0|MERCHANT-07|20240006
9000000408|2024-08-17|ACCT-NO-100017|1009|103|1|TRANSFER|ONLINE|49415.59|EUR|568279.28|1|0|MERCHANT-08|20240007
9000000409|2024-09-04|ACCT-NO-100017|1009|103|1|FEE|MOBILE|1168.29|NOK|1168.29|0|0|MERCHANT-09|20240008
9000000410|2024-10-18|ACCT-NO-100017|1009|103|1|INTEREST|POS|5793.07|NOK|5793.07|0|0|MERCHANT-10|20240009
9000000411|2024-11-05|ACCT-NO-100017|1009|103|1|DEBIT|BRANCH|1417.84|NOK|1417.84|0|0|MERCHANT-11|20240010
9000000412|2024-12-18|ACCT-NO-100017|1009|103|1|CREDIT|ATM|266461.76|NOK|266461.76|0|0|MERCHANT-12|20240011
9000000413|2025-01-05|ACCT-NO-100017|1009|103|1|TRANSFER|ONLINE|1667.4|NOK|1667.4|0|0|MERCHANT-13|20240012
9000000414|2025-02-19|ACCT-NO-100017|1009|103|1|FEE|MOBILE|6292.18|NOK|6292.18|0|1|MERCHANT-14|20240013
9000000415|2025-03-06|ACCT-NO-100017|1009|103|1|INTEREST|POS|33297.6|EUR|382922.4|1|0|MERCHANT-15|20240014
9000000416|2025-04-20|ACCT-NO-100017|1009|103|1|DEBIT|BRANCH|6541.74|NOK|6541.74|0|0|MERCHANT-16|20240015
9000000417|2025-05-07|ACCT-NO-100017|1009|103|1|CREDIT|ATM|2166.52|NOK|2166.52|0|0|MERCHANT-17|20240016
9000000418|2025-06-21|ACCT-NO-100017|1009|103|1|TRANSFER|ONLINE|6791.3|NOK|6791.3|0|0|MERCHANT-18|20240017
9000000419|2025-07-08|ACCT-NO-100017|1009|103|1|FEE|MOBILE|2416.08|NOK|2416.08|0|0|MERCHANT-19|20240018
9000000420|2025-08-21|ACCT-NO-100017|1009|103|1|INTEREST|POS|7040.85|NOK|7040.85|0|0|MERCHANT-20|20240019
9000000421|2025-09-08|ACCT-NO-100017|1009|103|1|DEBIT|BRANCH|2665.63|NOK|2665.63|0|0|MERCHANT-21|20240020
9000000422|2025-10-22|ACCT-NO-100017|1009|103|1|CREDIT|ATM|57179.61|EUR|657565.52|1|0|MERCHANT-22|20240021
9000000423|2025-11-09|ACCT-NO-100017|1009|103|1|TRANSFER|ONLINE|179588.66|NOK|179588.66|0|0|MERCHANT-23|20240022
9000000424|2025-12-23|ACCT-NO-100017|1009|103|1|FEE|MOBILE|7539.97|NOK|7539.97|0|0|MERCHANT-24|20240023
9000000425|2024-01-10|ACCT-NO-100017|1009|103|1|INTEREST|POS|3164.75|NOK|3164.75|0|0|MERCHANT-25|20240000
9000000426|2024-01-24|ACCT-NO-100018|1009|103|5|DEBIT|BRANCH|314986.91|EUR|3622349.46|1|1|MERCHANT-26|20240000
9000000427|2024-02-11|ACCT-NO-100018|1009|103|5|CREDIT|ATM|3414.31|NOK|3414.31|0|0|MERCHANT-27|20240001
9000000428|2024-03-24|ACCT-NO-100018|1009|103|5|TRANSFER|ONLINE|8039.09|NOK|8039.09|0|0|MERCHANT-28|20240002
9000000429|2024-04-11|ACCT-NO-100018|1009|103|5|FEE|MOBILE|3663.87|NOK|3663.87|0|0|MERCHANT-29|20240003
9000000430|2024-05-25|ACCT-NO-100018|1009|103|5|INTEREST|POS|8288.64|NOK|8288.64|0|0|MERCHANT-30|20240004
9000000431|2024-06-12|ACCT-NO-100018|1009|103|5|DEBIT|BRANCH|3913.42|NOK|3913.42|0|0|MERCHANT-31|20240005
9000000432|2024-07-26|ACCT-NO-100018|1009|103|5|CREDIT|ATM|8538.2|NOK|8538.2|0|0|MERCHANT-32|20240006
9000000433|2024-08-13|ACCT-NO-100018|1009|103|5|TRANSFER|ONLINE|43279.92|EUR|497719.08|1|0|MERCHANT-33|20240007
9000000434|2024-09-27|ACCT-NO-100018|1009|103|5|FEE|MOBILE|8787.76|NOK|8787.76|0|0|MERCHANT-34|20240008
9000000435|2024-10-14|ACCT-NO-100018|1009|103|5|INTEREST|POS|4412.54|NOK|4412.54|0|0|MERCHANT-35|20240009
9000000436|2024-11-27|ACCT-NO-100018|1009|103|5|DEBIT|BRANCH|9037.32|NOK|9037.32|0|0|MERCHANT-36|20240010
9000000437|2024-12-14|ACCT-NO-100018|1009|103|5|CREDIT|ATM|228113.81|NOK|228113.81|0|0|MERCHANT-37|20240011
9000000438|2025-01-01|ACCT-NO-100018|1009|103|5|TRANSFER|ONLINE|286.88|NOK|286.88|0|0|MERCHANT-38|20240012
9000000439|2025-02-15|ACCT-NO-100018|1009|103|5|FEE|MOBILE|4911.66|NOK|4911.66|0|1|MERCHANT-39|20240013
9000000440|2025-03-02|ACCT-NO-100018|1009|103|5|INTEREST|POS|27161.93|EUR|312362.2|1|0|MERCHANT-40|20240014
9000000441|2025-04-16|ACCT-NO-100018|1009|103|5|DEBIT|BRANCH|5161.21|NOK|5161.21|0|0|MERCHANT-41|20240015
9000000442|2025-05-03|ACCT-NO-100018|1009|103|5|CREDIT|ATM|785.99|NOK|785.99|0|0|MERCHANT-42|20240016
9000000443|2025-06-17|ACCT-NO-100018|1009|103|5|TRANSFER|ONLINE|5410.77|NOK|5410.77|0|0|MERCHANT-43|20240017
9000000444|2025-07-03|ACCT-NO-100018|1009|103|5|FEE|MOBILE|1035.55|NOK|1035.55|0|0|MERCHANT-44|20240018
9000000445|2025-08-17|ACCT-NO-100018|1009|103|5|INTEREST|POS|5660.33|NOK|5660.33|0|0|MERCHANT-45|20240019
9000000446|2025-09-04|ACCT-NO-100018|1009|103|5|DEBIT|BRANCH|1285.11|NOK|1285.11|0|0|MERCHANT-46|20240020
9000000447|2025-10-18|ACCT-NO-100018|1009|103|5|CREDIT|ATM|51043.94|EUR|587005.31|1|0|MERCHANT-47|20240021
9000000448|2025-11-05|ACCT-NO-100018|1009|103|5|TRANSFER|ONLINE|141240.72|NOK|141240.72|0|0|MERCHANT-48|20240022
9000000449|2025-12-19|ACCT-NO-100018|1009|103|5|FEE|MOBILE|6159.44|NOK|6159.44|0|0|MERCHANT-49|20240023
9000000450|2024-01-06|ACCT-NO-100018|1009|103|5|INTEREST|POS|1784.22|NOK|1784.22|0|0|MERCHANT-00|20240000
9000000451|2024-01-20|ACCT-NO-100019|1010|204|1|DEBIT|BRANCH|276638.97|EUR|3181348.15|1|1|MERCHANT-01|20240000
9000000452|2024-02-06|ACCT-NO-100019|1010|204|1|CREDIT|ATM|2033.78|NOK|2033.78|0|0|MERCHANT-02|20240001
9000000453|2024-03-20|ACCT-NO-100019|1010|204|1|TRANSFER|ONLINE|6658.56|NOK|6658.56|0|0|MERCHANT-03|20240002
9000000454|2024-04-07|ACCT-NO-100019|1010|204|1|FEE|MOBILE|2283.34|NOK|2283.34|0|0|MERCHANT-04|20240003
9000000455|2024-05-21|ACCT-NO-100019|1010|204|1|INTEREST|POS|6908.12|NOK|6908.12|0|0|MERCHANT-05|20240004
9000000456|2024-06-08|ACCT-NO-100019|1010|204|1|DEBIT|BRANCH|2532.9|NOK|2532.9|0|0|MERCHANT-06|20240005
9000000457|2024-07-22|ACCT-NO-100019|1010|204|1|CREDIT|ATM|7157.68|NOK|7157.68|0|0|MERCHANT-07|20240006
9000000458|2024-08-09|ACCT-NO-100019|1010|204|1|TRANSFER|ONLINE|37144.25|EUR|427158.88|1|0|MERCHANT-08|20240007
9000000459|2024-09-23|ACCT-NO-100019|1010|204|1|FEE|MOBILE|7407.23|NOK|7407.23|0|0|MERCHANT-09|20240008
9000000460|2024-10-09|ACCT-NO-100019|1010|204|1|INTEREST|POS|3032.01|NOK|3032.01|0|0|MERCHANT-10|20240009
9000000461|2024-11-23|ACCT-NO-100019|1010|204|1|DEBIT|BRANCH|7656.79|NOK|7656.79|0|0|MERCHANT-11|20240010
9000000462|2024-12-10|ACCT-NO-100019|1010|204|1|CREDIT|ATM|189765.87|NOK|189765.87|0|0|MERCHANT-12|20240011
9000000463|2025-01-24|ACCT-NO-100019|1010|204|1|TRANSFER|ONLINE|7906.35|NOK|7906.35|0|0|MERCHANT-13|20240012
9000000464|2025-02-11|ACCT-NO-100019|1010|204|1|FEE|MOBILE|3531.13|NOK|3531.13|0|1|MERCHANT-14|20240013
9000000465|2025-03-25|ACCT-NO-100019|1010|204|1|INTEREST|POS|61026.26|EUR|701801.99|1|0|MERCHANT-15|20240014
9000000466|2025-04-12|ACCT-NO-100019|1010|204|1|DEBIT|BRANCH|3780.69|NOK|3780.69|0|0|MERCHANT-16|20240015
9000000467|2025-05-26|ACCT-NO-100019|1010|204|1|CREDIT|ATM|8405.47|NOK|8405.47|0|0|MERCHANT-17|20240016
9000000468|2025-06-12|ACCT-NO-100019|1010|204|1|TRANSFER|ONLINE|4030.25|NOK|4030.25|0|0|MERCHANT-18|20240017
9000000469|2025-07-26|ACCT-NO-100019|1010|204|1|FEE|MOBILE|8655.02|NOK|8655.02|0|0|MERCHANT-19|20240018
9000000470|2025-08-13|ACCT-NO-100019|1010|204|1|INTEREST|POS|4279.8|NOK|4279.8|0|0|MERCHANT-20|20240019
9000000471|2025-09-27|ACCT-NO-100019|1010|204|1|DEBIT|BRANCH|8904.58|NOK|8904.58|0|0|MERCHANT-21|20240020
9000000472|2025-10-14|ACCT-NO-100019|1010|204|1|CREDIT|ATM|44908.27|EUR|516445.1|1|0|MERCHANT-22|20240021
9000000473|2025-11-01|ACCT-NO-100019|1010|204|1|TRANSFER|ONLINE|102892.78|NOK|102892.78|0|0|MERCHANT-23|20240022
9000000474|2025-12-15|ACCT-NO-100019|1010|204|1|FEE|MOBILE|4778.92|NOK|4778.92|0|0|MERCHANT-24|20240023
9000000475|2024-01-02|ACCT-NO-100019|1010|204|1|INTEREST|POS|403.7|NOK|403.7|0|0|MERCHANT-25|20240000
9000000476|2024-01-15|ACCT-NO-100020|1010|204|10|DEBIT|BRANCH|238291.03|EUR|2740346.85|1|1|MERCHANT-26|20240000
9000000477|2024-02-02|ACCT-NO-100020|1010|204|10|CREDIT|ATM|653.26|NOK|653.26|0|0|MERCHANT-27|20240001
9000000478|2024-03-16|ACCT-NO-100020|1010|204|10|TRANSFER|ONLINE|5278.03|NOK|5278.03|0|0|MERCHANT-28|20240002
9000000479|2024-04-03|ACCT-NO-100020|1010|204|10|FEE|MOBILE|902.81|NOK|902.81|0|0|MERCHANT-29|20240003
9000000480|2024-05-17|ACCT-NO-100020|1010|204|10|INTEREST|POS|5527.59|NOK|5527.59|0|0|MERCHANT-30|20240004
9000000481|2024-06-04|ACCT-NO-100020|1010|204|10|DEBIT|BRANCH|1152.37|NOK|1152.37|0|0|MERCHANT-31|20240005
9000000482|2024-07-18|ACCT-NO-100020|1010|204|10|CREDIT|ATM|5777.15|NOK|5777.15|0|0|MERCHANT-32|20240006
9000000483|2024-08-05|ACCT-NO-100020|1010|204|10|TRANSFER|ONLINE|31008.58|EUR|356598.67|1|0|MERCHANT-33|20240007
9000000484|2024-09-18|ACCT-NO-100020|1010|204|10|FEE|MOBILE|6026.71|NOK|6026.71|0|0|MERCHANT-34|20240008
9000000485|2024-10-05|ACCT-NO-100020|1010|204|10|INTEREST|POS|1651.49|NOK|1651.49|0|0|MERCHANT-35|20240009
9000000486|2024-11-19|ACCT-NO-100020|1010|204|10|DEBIT|BRANCH|6276.27|NOK|6276.27|0|0|MERCHANT-36|20240010
9000000487|2024-12-06|ACCT-NO-100020|1010|204|10|CREDIT|ATM|151417.93|NOK|151417.93|0|0|MERCHANT-37|20240011
9000000488|2025-01-20|ACCT-NO-100020|1010|204|10|TRANSFER|ONLINE|6525.82|NOK|6525.82|0|0|MERCHANT-38|20240012
9000000489|2025-02-07|ACCT-NO-100020|1010|204|10|FEE|MOBILE|2150.6|NOK|2150.6|0|1|MERCHANT-39|20240013
9000000490|2025-03-21|ACCT-NO-100020|1010|204|10|INTEREST|POS|54890.59|EUR|631241.78|1|0|MERCHANT-40|20240014
9000000491|2025-04-08|ACCT-NO-100020|1010|204|10|DEBIT|BRANCH|2400.16|NOK|2400.16|0|0|MERCHANT-41|20240015
9000000492|2025-05-21|ACCT-NO-100020|1010|204|10|CREDIT|ATM|7024.94|NOK|7024.94|0|0|MERCHANT-42|20240016
9000000493|2025-06-08|ACCT-NO-100020|1010|204|10|TRANSFER|ONLINE|2649.72|NOK|2649.72|0|0|MERCHANT-43|20240017
9000000494|2025-07-22|ACCT-NO-100020|1010|204|10|FEE|MOBILE|7274.5|NOK|7274.5|0|0|MERCHANT-44|20240018
9000000495|2025-08-09|ACCT-NO-100020|1010|204|10|INTEREST|POS|2899.28|NOK|2899.28|0|0|MERCHANT-45|20240019
9000000496|2025-09-23|ACCT-NO-100020|1010|204|10|DEBIT|BRANCH|7524.06|NOK|7524.06|0|0|MERCHANT-46|20240020
9000000497|2025-10-10|ACCT-NO-100020|1010|204|10|CREDIT|ATM|38772.6|EUR|445884.9|1|0|MERCHANT-47|20240021
9000000498|2025-11-24|ACCT-NO-100020|1010|204|10|TRANSFER|ONLINE|314544.84|NOK|314544.84|0|0|MERCHANT-48|20240022
9000000499|2025-12-11|ACCT-NO-100020|1010|204|10|FEE|MOBILE|3398.39|NOK|3398.39|0|0|MERCHANT-49|20240023
9000000500|2024-01-24|ACCT-NO-100020|1010|204|10|INTEREST|POS|8023.17|NOK|8023.17|0|0|MERCHANT-00|20240000
